,ap,lat,seg
0,totalsegmentator/Totalsegmentator_dataset/s1287/derivatives/xray_from_ct/s1287_hip-ap.png,totalsegmentator/Totalsegmentator_dataset/s1287/derivatives/xray_from_ct/s1287_hip-lat.png,totalsegmentator/Totalsegmentator_dataset/s1287/derivatives/seg_roi/s1287_hip_msk.nii.gz
1,totalsegmentator/Totalsegmentator_dataset/s0090/derivatives/xray_from_ct/s0090_hip-ap.png,totalsegmentator/Totalsegmentator_dataset/s0090/derivatives/xray_from_ct/s0090_hip-lat.png,totalsegmentator/Totalsegmentator_dataset/s0090/derivatives/seg_roi/s0090_hip_msk.nii.gz
2,totalsegmentator/Totalsegmentator_dataset/s0937/derivatives/xray_from_ct/s0937_hip-ap.png,totalsegmentator/Totalsegmentator_dataset/s0937/derivatives/xray_from_ct/s0937_hip-lat.png,totalsegmentator/Totalsegmentator_dataset/s0937/derivatives/seg_roi/s0937_hip_msk.nii.gz
3,totalsegmentator/Totalsegmentator_dataset/s0885/derivatives/xray_from_ct/s0885_hip-ap.png,totalsegmentator/Totalsegmentator_dataset/s0885/derivatives/xray_from_ct/s0885_hip-lat.png,totalsegmentator/Totalsegmentator_dataset/s0885/derivatives/seg_roi/s0885_hip_msk.nii.gz
4,totalsegmentator/Totalsegmentator_dataset/s1216/derivatives/xray_from_ct/s1216_hip-ap.png,totalsegmentator/Totalsegmentator_dataset/s1216/derivatives/xray_from_ct/s1216_hip-lat.png,totalsegmentator/Totalsegmentator_dataset/s1216/derivatives/seg_roi/s1216_hip_msk.nii.gz
5,totalsegmentator/Totalsegmentator_dataset/s0566/derivatives/xray_from_ct/s0566_hip-ap.png,totalsegmentator/Totalsegmentator_dataset/s0566/derivatives/xray_from_ct/s0566_hip-lat.png,totalsegmentator/Totalsegmentator_dataset/s0566/derivatives/seg_roi/s0566_hip_msk.nii.gz
6,totalsegmentator/Totalsegmentator_dataset/s1368/derivatives/xray_from_ct/s1368_hip-ap.png,totalsegmentator/Totalsegmentator_dataset/s1368/derivatives/xray_from_ct/s1368_hip-lat.png,totalsegmentator/Totalsegmentator_dataset/s1368/derivatives/seg_roi/s1368_hip_msk.nii.gz
7,totalsegmentator/Totalsegmentator_dataset/s0190/derivatives/xray_from_ct/s0190_hip-ap.png,totalsegmentator/Totalsegmentator_dataset/s0190/derivatives/xray_from_ct/s0190_hip-lat.png,totalsegmentator/Totalsegmentator_dataset/s0190/derivatives/seg_roi/s0190_hip_msk.nii.gz
8,totalsegmentator/Totalsegmentator_dataset/s1244/derivatives/xray_from_ct/s1244_hip-ap.png,totalsegmentator/Totalsegmentator_dataset/s1244/derivatives/xray_from_ct/s1244_hip-lat.png,totalsegmentator/Totalsegmentator_dataset/s1244/derivatives/seg_roi/s1244_hip_msk.nii.gz
9,totalsegmentator/Totalsegmentator_dataset/s0045/derivatives/xray_from_ct/s0045_hip-ap.png,totalsegmentator/Totalsegmentator_dataset/s0045/derivatives/xray_from_ct/s0045_hip-lat.png,totalsegmentator/Totalsegmentator_dataset/s0045/derivatives/seg_roi/s0045_hip_msk.nii.gz
10,totalsegmentator/Totalsegmentator_dataset/s0321/derivatives/xray_from_ct/s0321_hip-ap.png,totalsegmentator/Totalsegmentator_dataset/s0321/derivatives/xray_from_ct/s0321_hip-lat.png,totalsegmentator/Totalsegmentator_dataset/s0321/derivatives/seg_roi/s0321_hip_msk.nii.gz
11,totalsegmentator/Totalsegmentator_dataset/s0120/derivatives/xray_from_ct/s0120_hip-ap.png,totalsegmentator/Totalsegmentator_dataset/s0120/derivatives/xray_from_ct/s0120_hip-lat.png,totalsegmentator/Totalsegmentator_dataset/s0120/derivatives/seg_roi/s0120_hip_msk.nii.gz
12,totalsegmentator/Totalsegmentator_dataset/s0513/derivatives/xray_from_ct/s0513_hip-ap.png,totalsegmentator/Totalsegmentator_dataset/s0513/derivatives/xray_from_ct/s0513_hip-lat.png,totalsegmentator/Totalsegmentator_dataset/s0513/derivatives/seg_roi/s0513_hip_msk.nii.gz
13,totalsegmentator/Totalsegmentator_dataset/s0059/derivatives/xray_from_ct/s0059_hip-ap.png,totalsegmentator/Totalsegmentator_dataset/s0059/derivatives/xray_from_ct/s0059_hip-lat.png,totalsegmentator/Totalsegmentator_dataset/s0059/derivatives/seg_roi/s0059_hip_msk.nii.gz
14,totalsegmentator/Totalsegmentator_dataset/s0475/derivatives/xray_from_ct/s0475_hip-ap.png,totalsegmentator/Totalsegmentator_dataset/s0475/derivatives/xray_from_ct/s0475_hip-lat.png,totalsegmentator/Totalsegmentator_dataset/s0475/derivatives/seg_roi/s0475_hip_msk.nii.gz
15,totalsegmentator/Totalsegmentator_dataset/s0587/derivatives/xray_from_ct/s0587_hip-ap.png,totalsegmentator/Totalsegmentator_dataset/s0587/derivatives/xray_from_ct/s0587_hip-lat.png,totalsegmentator/Totalsegmentator_dataset/s0587/derivatives/seg_roi/s0587_hip_msk.nii.gz
16,totalsegmentator/Totalsegmentator_dataset/s0549/derivatives/xray_from_ct/s0549_hip-ap.png,totalsegmentator/Totalsegmentator_dataset/s0549/derivatives/xray_from_ct/s0549_hip-lat.png,totalsegmentator/Totalsegmentator_dataset/s0549/derivatives/seg_roi/s0549_hip_msk.nii.gz
17,totalsegmentator/Totalsegmentator_dataset/s0381/derivatives/xray_from_ct/s0381_hip-ap.png,totalsegmentator/Totalsegmentator_dataset/s0381/derivatives/xray_from_ct/s0381_hip-lat.png,totalsegmentator/Totalsegmentator_dataset/s0381/derivatives/seg_roi/s0381_hip_msk.nii.gz
18,totalsegmentator/Totalsegmentator_dataset/s1209/derivatives/xray_from_ct/s1209_hip-ap.png,totalsegmentator/Totalsegmentator_dataset/s1209/derivatives/xray_from_ct/s1209_hip-lat.png,totalsegmentator/Totalsegmentator_dataset/s1209/derivatives/seg_roi/s1209_hip_msk.nii.gz
19,totalsegmentator/Totalsegmentator_dataset/s0062/derivatives/xray_from_ct/s0062_hip-ap.png,totalsegmentator/Totalsegmentator_dataset/s0062/derivatives/xray_from_ct/s0062_hip-lat.png,totalsegmentator/Totalsegmentator_dataset/s0062/derivatives/seg_roi/s0062_hip_msk.nii.gz
20,totalsegmentator/Totalsegmentator_dataset/s0010/derivatives/xray_from_ct/s0010_hip-ap.png,totalsegmentator/Totalsegmentator_dataset/s0010/derivatives/xray_from_ct/s0010_hip-lat.png,totalsegmentator/Totalsegmentator_dataset/s0010/derivatives/seg_roi/s0010_hip_msk.nii.gz
21,totalsegmentator/Totalsegmentator_dataset/s0939/derivatives/xray_from_ct/s0939_hip-ap.png,totalsegmentator/Totalsegmentator_dataset/s0939/derivatives/xray_from_ct/s0939_hip-lat.png,totalsegmentator/Totalsegmentator_dataset/s0939/derivatives/seg_roi/s0939_hip_msk.nii.gz
22,totalsegmentator/Totalsegmentator_dataset/s1365/derivatives/xray_from_ct/s1365_hip-ap.png,totalsegmentator/Totalsegmentator_dataset/s1365/derivatives/xray_from_ct/s1365_hip-lat.png,totalsegmentator/Totalsegmentator_dataset/s1365/derivatives/seg_roi/s1365_hip_msk.nii.gz
23,totalsegmentator/Totalsegmentator_dataset/s1210/derivatives/xray_from_ct/s1210_hip-ap.png,totalsegmentator/Totalsegmentator_dataset/s1210/derivatives/xray_from_ct/s1210_hip-lat.png,totalsegmentator/Totalsegmentator_dataset/s1210/derivatives/seg_roi/s1210_hip_msk.nii.gz
24,totalsegmentator/Totalsegmentator_dataset/s1362/derivatives/xray_from_ct/s1362_hip-ap.png,totalsegmentator/Totalsegmentator_dataset/s1362/derivatives/xray_from_ct/s1362_hip-lat.png,totalsegmentator/Totalsegmentator_dataset/s1362/derivatives/seg_roi/s1362_hip_msk.nii.gz
25,totalsegmentator/Totalsegmentator_dataset/s0621/derivatives/xray_from_ct/s0621_hip-ap.png,totalsegmentator/Totalsegmentator_dataset/s0621/derivatives/xray_from_ct/s0621_hip-lat.png,totalsegmentator/Totalsegmentator_dataset/s0621/derivatives/seg_roi/s0621_hip_msk.nii.gz
26,totalsegmentator/Totalsegmentator_dataset/s0754/derivatives/xray_from_ct/s0754_hip-ap.png,totalsegmentator/Totalsegmentator_dataset/s0754/derivatives/xray_from_ct/s0754_hip-lat.png,totalsegmentator/Totalsegmentator_dataset/s0754/derivatives/seg_roi/s0754_hip_msk.nii.gz
27,totalsegmentator/Totalsegmentator_dataset/s0408/derivatives/xray_from_ct/s0408_hip-ap.png,totalsegmentator/Totalsegmentator_dataset/s0408/derivatives/xray_from_ct/s0408_hip-lat.png,totalsegmentator/Totalsegmentator_dataset/s0408/derivatives/seg_roi/s0408_hip_msk.nii.gz
28,totalsegmentator/Totalsegmentator_dataset/s0884/derivatives/xray_from_ct/s0884_hip-ap.png,totalsegmentator/Totalsegmentator_dataset/s0884/derivatives/xray_from_ct/s0884_hip-lat.png,totalsegmentator/Totalsegmentator_dataset/s0884/derivatives/seg_roi/s0884_hip_msk.nii.gz
29,totalsegmentator/Totalsegmentator_dataset/s0507/derivatives/xray_from_ct/s0507_hip-ap.png,totalsegmentator/Totalsegmentator_dataset/s0507/derivatives/xray_from_ct/s0507_hip-lat.png,totalsegmentator/Totalsegmentator_dataset/s0507/derivatives/seg_roi/s0507_hip_msk.nii.gz
30,totalsegmentator/Totalsegmentator_dataset/s1038/derivatives/xray_from_ct/s1038_hip-ap.png,totalsegmentator/Totalsegmentator_dataset/s1038/derivatives/xray_from_ct/s1038_hip-lat.png,totalsegmentator/Totalsegmentator_dataset/s1038/derivatives/seg_roi/s1038_hip_msk.nii.gz
31,totalsegmentator/Totalsegmentator_dataset/s0428/derivatives/xray_from_ct/s0428_hip-ap.png,totalsegmentator/Totalsegmentator_dataset/s0428/derivatives/xray_from_ct/s0428_hip-lat.png,totalsegmentator/Totalsegmentator_dataset/s0428/derivatives/seg_roi/s0428_hip_msk.nii.gz
32,totalsegmentator/Totalsegmentator_dataset/s0519/derivatives/xray_from_ct/s0519_hip-ap.png,totalsegmentator/Totalsegmentator_dataset/s0519/derivatives/xray_from_ct/s0519_hip-lat.png,totalsegmentator/Totalsegmentator_dataset/s0519/derivatives/seg_roi/s0519_hip_msk.nii.gz
33,totalsegmentator/Totalsegmentator_dataset/s0327/derivatives/xray_from_ct/s0327_hip-ap.png,totalsegmentator/Totalsegmentator_dataset/s0327/derivatives/xray_from_ct/s0327_hip-lat.png,totalsegmentator/Totalsegmentator_dataset/s0327/derivatives/seg_roi/s0327_hip_msk.nii.gz
34,totalsegmentator/Totalsegmentator_dataset/s0711/derivatives/xray_from_ct/s0711_hip-ap.png,totalsegmentator/Totalsegmentator_dataset/s0711/derivatives/xray_from_ct/s0711_hip-lat.png,totalsegmentator/Totalsegmentator_dataset/s0711/derivatives/seg_roi/s0711_hip_msk.nii.gz
35,totalsegmentator/Totalsegmentator_dataset/s0500/derivatives/xray_from_ct/s0500_hip-ap.png,totalsegmentator/Totalsegmentator_dataset/s0500/derivatives/xray_from_ct/s0500_hip-lat.png,totalsegmentator/Totalsegmentator_dataset/s0500/derivatives/seg_roi/s0500_hip_msk.nii.gz
36,totalsegmentator/Totalsegmentator_dataset/s0670/derivatives/xray_from_ct/s0670_hip-ap.png,totalsegmentator/Totalsegmentator_dataset/s0670/derivatives/xray_from_ct/s0670_hip-lat.png,totalsegmentator/Totalsegmentator_dataset/s0670/derivatives/seg_roi/s0670_hip_msk.nii.gz
37,totalsegmentator/Totalsegmentator_dataset/s0862/derivatives/xray_from_ct/s0862_hip-ap.png,totalsegmentator/Totalsegmentator_dataset/s0862/derivatives/xray_from_ct/s0862_hip-lat.png,totalsegmentator/Totalsegmentator_dataset/s0862/derivatives/seg_roi/s0862_hip_msk.nii.gz
38,totalsegmentator/Totalsegmentator_dataset/s0965/derivatives/xray_from_ct/s0965_hip-ap.png,totalsegmentator/Totalsegmentator_dataset/s0965/derivatives/xray_from_ct/s0965_hip-lat.png,totalsegmentator/Totalsegmentator_dataset/s0965/derivatives/seg_roi/s0965_hip_msk.nii.gz
39,totalsegmentator/Totalsegmentator_dataset/s1187/derivatives/xray_from_ct/s1187_hip-ap.png,totalsegmentator/Totalsegmentator_dataset/s1187/derivatives/xray_from_ct/s1187_hip-lat.png,totalsegmentator/Totalsegmentator_dataset/s1187/derivatives/seg_roi/s1187_hip_msk.nii.gz
40,totalsegmentator/Totalsegmentator_dataset/s0319/derivatives/xray_from_ct/s0319_hip-ap.png,totalsegmentator/Totalsegmentator_dataset/s0319/derivatives/xray_from_ct/s0319_hip-lat.png,totalsegmentator/Totalsegmentator_dataset/s0319/derivatives/seg_roi/s0319_hip_msk.nii.gz
41,totalsegmentator/Totalsegmentator_dataset/s0751/derivatives/xray_from_ct/s0751_hip-ap.png,totalsegmentator/Totalsegmentator_dataset/s0751/derivatives/xray_from_ct/s0751_hip-lat.png,totalsegmentator/Totalsegmentator_dataset/s0751/derivatives/seg_roi/s0751_hip_msk.nii.gz
42,totalsegmentator/Totalsegmentator_dataset/s0243/derivatives/xray_from_ct/s0243_hip-ap.png,totalsegmentator/Totalsegmentator_dataset/s0243/derivatives/xray_from_ct/s0243_hip-lat.png,totalsegmentator/Totalsegmentator_dataset/s0243/derivatives/seg_roi/s0243_hip_msk.nii.gz
43,totalsegmentator/Totalsegmentator_dataset/s0796/derivatives/xray_from_ct/s0796_hip-ap.png,totalsegmentator/Totalsegmentator_dataset/s0796/derivatives/xray_from_ct/s0796_hip-lat.png,totalsegmentator/Totalsegmentator_dataset/s0796/derivatives/seg_roi/s0796_hip_msk.nii.gz
44,totalsegmentator/Totalsegmentator_dataset/s0107/derivatives/xray_from_ct/s0107_hip-ap.png,totalsegmentator/Totalsegmentator_dataset/s0107/derivatives/xray_from_ct/s0107_hip-lat.png,totalsegmentator/Totalsegmentator_dataset/s0107/derivatives/seg_roi/s0107_hip_msk.nii.gz
45,totalsegmentator/Totalsegmentator_dataset/s0171/derivatives/xray_from_ct/s0171_hip-ap.png,totalsegmentator/Totalsegmentator_dataset/s0171/derivatives/xray_from_ct/s0171_hip-lat.png,totalsegmentator/Totalsegmentator_dataset/s0171/derivatives/seg_roi/s0171_hip_msk.nii.gz
46,totalsegmentator/Totalsegmentator_dataset/s0467/derivatives/xray_from_ct/s0467_hip-ap.png,totalsegmentator/Totalsegmentator_dataset/s0467/derivatives/xray_from_ct/s0467_hip-lat.png,totalsegmentator/Totalsegmentator_dataset/s0467/derivatives/seg_roi/s0467_hip_msk.nii.gz
47,totalsegmentator/Totalsegmentator_dataset/s0086/derivatives/xray_from_ct/s0086_hip-ap.png,totalsegmentator/Totalsegmentator_dataset/s0086/derivatives/xray_from_ct/s0086_hip-lat.png,totalsegmentator/Totalsegmentator_dataset/s0086/derivatives/seg_roi/s0086_hip_msk.nii.gz
48,totalsegmentator/Totalsegmentator_dataset/s0542/derivatives/xray_from_ct/s0542_hip-ap.png,totalsegmentator/Totalsegmentator_dataset/s0542/derivatives/xray_from_ct/s0542_hip-lat.png,totalsegmentator/Totalsegmentator_dataset/s0542/derivatives/seg_roi/s0542_hip_msk.nii.gz
49,totalsegmentator/Totalsegmentator_dataset/s1372/derivatives/xray_from_ct/s1372_hip-ap.png,totalsegmentator/Totalsegmentator_dataset/s1372/derivatives/xray_from_ct/s1372_hip-lat.png,totalsegmentator/Totalsegmentator_dataset/s1372/derivatives/seg_roi/s1372_hip_msk.nii.gz
50,totalsegmentator/Totalsegmentator_dataset/s0637/derivatives/xray_from_ct/s0637_hip-ap.png,totalsegmentator/Totalsegmentator_dataset/s0637/derivatives/xray_from_ct/s0637_hip-lat.png,totalsegmentator/Totalsegmentator_dataset/s0637/derivatives/seg_roi/s0637_hip_msk.nii.gz
51,totalsegmentator/Totalsegmentator_dataset/s1386/derivatives/xray_from_ct/s1386_hip-ap.png,totalsegmentator/Totalsegmentator_dataset/s1386/derivatives/xray_from_ct/s1386_hip-lat.png,totalsegmentator/Totalsegmentator_dataset/s1386/derivatives/seg_roi/s1386_hip_msk.nii.gz
52,totalsegmentator/Totalsegmentator_dataset/s0145/derivatives/xray_from_ct/s0145_hip-ap.png,totalsegmentator/Totalsegmentator_dataset/s0145/derivatives/xray_from_ct/s0145_hip-lat.png,totalsegmentator/Totalsegmentator_dataset/s0145/derivatives/seg_roi/s0145_hip_msk.nii.gz
53,totalsegmentator/Totalsegmentator_dataset/s0332/derivatives/xray_from_ct/s0332_hip-ap.png,totalsegmentator/Totalsegmentator_dataset/s0332/derivatives/xray_from_ct/s0332_hip-lat.png,totalsegmentator/Totalsegmentator_dataset/s0332/derivatives/seg_roi/s0332_hip_msk.nii.gz
54,totalsegmentator/Totalsegmentator_dataset/s0218/derivatives/xray_from_ct/s0218_hip-ap.png,totalsegmentator/Totalsegmentator_dataset/s0218/derivatives/xray_from_ct/s0218_hip-lat.png,totalsegmentator/Totalsegmentator_dataset/s0218/derivatives/seg_roi/s0218_hip_msk.nii.gz
55,totalsegmentator/Totalsegmentator_dataset/s0801/derivatives/xray_from_ct/s0801_hip-ap.png,totalsegmentator/Totalsegmentator_dataset/s0801/derivatives/xray_from_ct/s0801_hip-lat.png,totalsegmentator/Totalsegmentator_dataset/s0801/derivatives/seg_roi/s0801_hip_msk.nii.gz
56,totalsegmentator/Totalsegmentator_dataset/s0992/derivatives/xray_from_ct/s0992_hip-ap.png,totalsegmentator/Totalsegmentator_dataset/s0992/derivatives/xray_from_ct/s0992_hip-lat.png,totalsegmentator/Totalsegmentator_dataset/s0992/derivatives/seg_roi/s0992_hip_msk.nii.gz
57,totalsegmentator/Totalsegmentator_dataset/s1390/derivatives/xray_from_ct/s1390_hip-ap.png,totalsegmentator/Totalsegmentator_dataset/s1390/derivatives/xray_from_ct/s1390_hip-lat.png,totalsegmentator/Totalsegmentator_dataset/s1390/derivatives/seg_roi/s1390_hip_msk.nii.gz
58,totalsegmentator/Totalsegmentator_dataset/s0971/derivatives/xray_from_ct/s0971_hip-ap.png,totalsegmentator/Totalsegmentator_dataset/s0971/derivatives/xray_from_ct/s0971_hip-lat.png,totalsegmentator/Totalsegmentator_dataset/s0971/derivatives/seg_roi/s0971_hip_msk.nii.gz
59,totalsegmentator/Totalsegmentator_dataset/s1294/derivatives/xray_from_ct/s1294_hip-ap.png,totalsegmentator/Totalsegmentator_dataset/s1294/derivatives/xray_from_ct/s1294_hip-lat.png,totalsegmentator/Totalsegmentator_dataset/s1294/derivatives/seg_roi/s1294_hip_msk.nii.gz
60,totalsegmentator/Totalsegmentator_dataset/s0516/derivatives/xray_from_ct/s0516_hip-ap.png,totalsegmentator/Totalsegmentator_dataset/s0516/derivatives/xray_from_ct/s0516_hip-lat.png,totalsegmentator/Totalsegmentator_dataset/s0516/derivatives/seg_roi/s0516_hip_msk.nii.gz
61,totalsegmentator/Totalsegmentator_dataset/s1012/derivatives/xray_from_ct/s1012_hip-ap.png,totalsegmentator/Totalsegmentator_dataset/s1012/derivatives/xray_from_ct/s1012_hip-lat.png,totalsegmentator/Totalsegmentator_dataset/s1012/derivatives/seg_roi/s1012_hip_msk.nii.gz
62,totalsegmentator/Totalsegmentator_dataset/s0031/derivatives/xray_from_ct/s0031_hip-ap.png,totalsegmentator/Totalsegmentator_dataset/s0031/derivatives/xray_from_ct/s0031_hip-lat.png,totalsegmentator/Totalsegmentator_dataset/s0031/derivatives/seg_roi/s0031_hip_msk.nii.gz
63,totalsegmentator/Totalsegmentator_dataset/s0959/derivatives/xray_from_ct/s0959_hip-ap.png,totalsegmentator/Totalsegmentator_dataset/s0959/derivatives/xray_from_ct/s0959_hip-lat.png,totalsegmentator/Totalsegmentator_dataset/s0959/derivatives/seg_roi/s0959_hip_msk.nii.gz
64,totalsegmentator/Totalsegmentator_dataset/s0238/derivatives/xray_from_ct/s0238_hip-ap.png,totalsegmentator/Totalsegmentator_dataset/s0238/derivatives/xray_from_ct/s0238_hip-lat.png,totalsegmentator/Totalsegmentator_dataset/s0238/derivatives/seg_roi/s0238_hip_msk.nii.gz
65,totalsegmentator/Totalsegmentator_dataset/s0423/derivatives/xray_from_ct/s0423_hip-ap.png,totalsegmentator/Totalsegmentator_dataset/s0423/derivatives/xray_from_ct/s0423_hip-lat.png,totalsegmentator/Totalsegmentator_dataset/s0423/derivatives/seg_roi/s0423_hip_msk.nii.gz
66,totalsegmentator/Totalsegmentator_dataset/s1085/derivatives/xray_from_ct/s1085_hip-ap.png,totalsegmentator/Totalsegmentator_dataset/s1085/derivatives/xray_from_ct/s1085_hip-lat.png,totalsegmentator/Totalsegmentator_dataset/s1085/derivatives/seg_roi/s1085_hip_msk.nii.gz
67,totalsegmentator/Totalsegmentator_dataset/s1252/derivatives/xray_from_ct/s1252_hip-ap.png,totalsegmentator/Totalsegmentator_dataset/s1252/derivatives/xray_from_ct/s1252_hip-lat.png,totalsegmentator/Totalsegmentator_dataset/s1252/derivatives/seg_roi/s1252_hip_msk.nii.gz
68,totalsegmentator/Totalsegmentator_dataset/s0194/derivatives/xray_from_ct/s0194_hip-ap.png,totalsegmentator/Totalsegmentator_dataset/s0194/derivatives/xray_from_ct/s0194_hip-lat.png,totalsegmentator/Totalsegmentator_dataset/s0194/derivatives/seg_roi/s0194_hip_msk.nii.gz
69,totalsegmentator/Totalsegmentator_dataset/s1366/derivatives/xray_from_ct/s1366_hip-ap.png,totalsegmentator/Totalsegmentator_dataset/s1366/derivatives/xray_from_ct/s1366_hip-lat.png,totalsegmentator/Totalsegmentator_dataset/s1366/derivatives/seg_roi/s1366_hip_msk.nii.gz
70,totalsegmentator/Totalsegmentator_dataset/s0166/derivatives/xray_from_ct/s0166_hip-ap.png,totalsegmentator/Totalsegmentator_dataset/s0166/derivatives/xray_from_ct/s0166_hip-lat.png,totalsegmentator/Totalsegmentator_dataset/s0166/derivatives/seg_roi/s0166_hip_msk.nii.gz
71,totalsegmentator/Totalsegmentator_dataset/s0236/derivatives/xray_from_ct/s0236_hip-ap.png,totalsegmentator/Totalsegmentator_dataset/s0236/derivatives/xray_from_ct/s0236_hip-lat.png,totalsegmentator/Totalsegmentator_dataset/s0236/derivatives/seg_roi/s0236_hip_msk.nii.gz
72,totalsegmentator/Totalsegmentator_dataset/s0472/derivatives/xray_from_ct/s0472_hip-ap.png,totalsegmentator/Totalsegmentator_dataset/s0472/derivatives/xray_from_ct/s0472_hip-lat.png,totalsegmentator/Totalsegmentator_dataset/s0472/derivatives/seg_roi/s0472_hip_msk.nii.gz
73,totalsegmentator/Totalsegmentator_dataset/s0685/derivatives/xray_from_ct/s0685_hip-ap.png,totalsegmentator/Totalsegmentator_dataset/s0685/derivatives/xray_from_ct/s0685_hip-lat.png,totalsegmentator/Totalsegmentator_dataset/s0685/derivatives/seg_roi/s0685_hip_msk.nii.gz
74,totalsegmentator/Totalsegmentator_dataset/s0536/derivatives/xray_from_ct/s0536_hip-ap.png,totalsegmentator/Totalsegmentator_dataset/s0536/derivatives/xray_from_ct/s0536_hip-lat.png,totalsegmentator/Totalsegmentator_dataset/s0536/derivatives/seg_roi/s0536_hip_msk.nii.gz
75,totalsegmentator/Totalsegmentator_dataset/s0616/derivatives/xray_from_ct/s0616_hip-ap.png,totalsegmentator/Totalsegmentator_dataset/s0616/derivatives/xray_from_ct/s0616_hip-lat.png,totalsegmentator/Totalsegmentator_dataset/s0616/derivatives/seg_roi/s0616_hip_msk.nii.gz
76,totalsegmentator/Totalsegmentator_dataset/s0419/derivatives/xray_from_ct/s0419_hip-ap.png,totalsegmentator/Totalsegmentator_dataset/s0419/derivatives/xray_from_ct/s0419_hip-lat.png,totalsegmentator/Totalsegmentator_dataset/s0419/derivatives/seg_roi/s0419_hip_msk.nii.gz
77,totalsegmentator/Totalsegmentator_dataset/s0458/derivatives/xray_from_ct/s0458_hip-ap.png,totalsegmentator/Totalsegmentator_dataset/s0458/derivatives/xray_from_ct/s0458_hip-lat.png,totalsegmentator/Totalsegmentator_dataset/s0458/derivatives/seg_roi/s0458_hip_msk.nii.gz
78,totalsegmentator/Totalsegmentator_dataset/s0764/derivatives/xray_from_ct/s0764_hip-ap.png,totalsegmentator/Totalsegmentator_dataset/s0764/derivatives/xray_from_ct/s0764_hip-lat.png,totalsegmentator/Totalsegmentator_dataset/s0764/derivatives/seg_roi/s0764_hip_msk.nii.gz
79,totalsegmentator/Totalsegmentator_dataset/s0912/derivatives/xray_from_ct/s0912_hip-ap.png,totalsegmentator/Totalsegmentator_dataset/s0912/derivatives/xray_from_ct/s0912_hip-lat.png,totalsegmentator/Totalsegmentator_dataset/s0912/derivatives/seg_roi/s0912_hip_msk.nii.gz
80,totalsegmentator/Totalsegmentator_dataset/s0739/derivatives/xray_from_ct/s0739_hip-ap.png,totalsegmentator/Totalsegmentator_dataset/s0739/derivatives/xray_from_ct/s0739_hip-lat.png,totalsegmentator/Totalsegmentator_dataset/s0739/derivatives/seg_roi/s0739_hip_msk.nii.gz
81,totalsegmentator/Totalsegmentator_dataset/s0951/derivatives/xray_from_ct/s0951_hip-ap.png,totalsegmentator/Totalsegmentator_dataset/s0951/derivatives/xray_from_ct/s0951_hip-lat.png,totalsegmentator/Totalsegmentator_dataset/s0951/derivatives/seg_roi/s0951_hip_msk.nii.gz
82,totalsegmentator/Totalsegmentator_dataset/s1151/derivatives/xray_from_ct/s1151_hip-ap.png,totalsegmentator/Totalsegmentator_dataset/s1151/derivatives/xray_from_ct/s1151_hip-lat.png,totalsegmentator/Totalsegmentator_dataset/s1151/derivatives/seg_roi/s1151_hip_msk.nii.gz
83,totalsegmentator/Totalsegmentator_dataset/s1103/derivatives/xray_from_ct/s1103_hip-ap.png,totalsegmentator/Totalsegmentator_dataset/s1103/derivatives/xray_from_ct/s1103_hip-lat.png,totalsegmentator/Totalsegmentator_dataset/s1103/derivatives/seg_roi/s1103_hip_msk.nii.gz
84,totalsegmentator/Totalsegmentator_dataset/s1130/derivatives/xray_from_ct/s1130_hip-ap.png,totalsegmentator/Totalsegmentator_dataset/s1130/derivatives/xray_from_ct/s1130_hip-lat.png,totalsegmentator/Totalsegmentator_dataset/s1130/derivatives/seg_roi/s1130_hip_msk.nii.gz
85,totalsegmentator/Totalsegmentator_dataset/s1136/derivatives/xray_from_ct/s1136_hip-ap.png,totalsegmentator/Totalsegmentator_dataset/s1136/derivatives/xray_from_ct/s1136_hip-lat.png,totalsegmentator/Totalsegmentator_dataset/s1136/derivatives/seg_roi/s1136_hip_msk.nii.gz
86,totalsegmentator/Totalsegmentator_dataset/s0649/derivatives/xray_from_ct/s0649_hip-ap.png,totalsegmentator/Totalsegmentator_dataset/s0649/derivatives/xray_from_ct/s0649_hip-lat.png,totalsegmentator/Totalsegmentator_dataset/s0649/derivatives/seg_roi/s0649_hip_msk.nii.gz
87,totalsegmentator/Totalsegmentator_dataset/s0661/derivatives/xray_from_ct/s0661_hip-ap.png,totalsegmentator/Totalsegmentator_dataset/s0661/derivatives/xray_from_ct/s0661_hip-lat.png,totalsegmentator/Totalsegmentator_dataset/s0661/derivatives/seg_roi/s0661_hip_msk.nii.gz
88,totalsegmentator/Totalsegmentator_dataset/s0623/derivatives/xray_from_ct/s0623_hip-ap.png,totalsegmentator/Totalsegmentator_dataset/s0623/derivatives/xray_from_ct/s0623_hip-lat.png,totalsegmentator/Totalsegmentator_dataset/s0623/derivatives/seg_roi/s0623_hip_msk.nii.gz
89,totalsegmentator/Totalsegmentator_dataset/s0024/derivatives/xray_from_ct/s0024_hip-ap.png,totalsegmentator/Totalsegmentator_dataset/s0024/derivatives/xray_from_ct/s0024_hip-lat.png,totalsegmentator/Totalsegmentator_dataset/s0024/derivatives/seg_roi/s0024_hip_msk.nii.gz
90,totalsegmentator/Totalsegmentator_dataset/s0550/derivatives/xray_from_ct/s0550_hip-ap.png,totalsegmentator/Totalsegmentator_dataset/s0550/derivatives/xray_from_ct/s0550_hip-lat.png,totalsegmentator/Totalsegmentator_dataset/s0550/derivatives/seg_roi/s0550_hip_msk.nii.gz
91,totalsegmentator/Totalsegmentator_dataset/s0815/derivatives/xray_from_ct/s0815_hip-ap.png,totalsegmentator/Totalsegmentator_dataset/s0815/derivatives/xray_from_ct/s0815_hip-lat.png,totalsegmentator/Totalsegmentator_dataset/s0815/derivatives/seg_roi/s0815_hip_msk.nii.gz
92,totalsegmentator/Totalsegmentator_dataset/s0016/derivatives/xray_from_ct/s0016_hip-ap.png,totalsegmentator/Totalsegmentator_dataset/s0016/derivatives/xray_from_ct/s0016_hip-lat.png,totalsegmentator/Totalsegmentator_dataset/s0016/derivatives/seg_roi/s0016_hip_msk.nii.gz
93,totalsegmentator/Totalsegmentator_dataset/s0918/derivatives/xray_from_ct/s0918_hip-ap.png,totalsegmentator/Totalsegmentator_dataset/s0918/derivatives/xray_from_ct/s0918_hip-lat.png,totalsegmentator/Totalsegmentator_dataset/s0918/derivatives/seg_roi/s0918_hip_msk.nii.gz
94,totalsegmentator/Totalsegmentator_dataset/s0991/derivatives/xray_from_ct/s0991_hip-ap.png,totalsegmentator/Totalsegmentator_dataset/s0991/derivatives/xray_from_ct/s0991_hip-lat.png,totalsegmentator/Totalsegmentator_dataset/s0991/derivatives/seg_roi/s0991_hip_msk.nii.gz
95,totalsegmentator/Totalsegmentator_dataset/s0705/derivatives/xray_from_ct/s0705_hip-ap.png,totalsegmentator/Totalsegmentator_dataset/s0705/derivatives/xray_from_ct/s0705_hip-lat.png,totalsegmentator/Totalsegmentator_dataset/s0705/derivatives/seg_roi/s0705_hip_msk.nii.gz
96,totalsegmentator/Totalsegmentator_dataset/s0244/derivatives/xray_from_ct/s0244_hip-ap.png,totalsegmentator/Totalsegmentator_dataset/s0244/derivatives/xray_from_ct/s0244_hip-lat.png,totalsegmentator/Totalsegmentator_dataset/s0244/derivatives/seg_roi/s0244_hip_msk.nii.gz
97,totalsegmentator/Totalsegmentator_dataset/s1234/derivatives/xray_from_ct/s1234_hip-ap.png,totalsegmentator/Totalsegmentator_dataset/s1234/derivatives/xray_from_ct/s1234_hip-lat.png,totalsegmentator/Totalsegmentator_dataset/s1234/derivatives/seg_roi/s1234_hip_msk.nii.gz
98,totalsegmentator/Totalsegmentator_dataset/s0506/derivatives/xray_from_ct/s0506_hip-ap.png,totalsegmentator/Totalsegmentator_dataset/s0506/derivatives/xray_from_ct/s0506_hip-lat.png,totalsegmentator/Totalsegmentator_dataset/s0506/derivatives/seg_roi/s0506_hip_msk.nii.gz
99,totalsegmentator/Totalsegmentator_dataset/s1090/derivatives/xray_from_ct/s1090_hip-ap.png,totalsegmentator/Totalsegmentator_dataset/s1090/derivatives/xray_from_ct/s1090_hip-lat.png,totalsegmentator/Totalsegmentator_dataset/s1090/derivatives/seg_roi/s1090_hip_msk.nii.gz
100,totalsegmentator/Totalsegmentator_dataset/s1283/derivatives/xray_from_ct/s1283_hip-ap.png,totalsegmentator/Totalsegmentator_dataset/s1283/derivatives/xray_from_ct/s1283_hip-lat.png,totalsegmentator/Totalsegmentator_dataset/s1283/derivatives/seg_roi/s1283_hip_msk.nii.gz
101,totalsegmentator/Totalsegmentator_dataset/s1379/derivatives/xray_from_ct/s1379_hip-ap.png,totalsegmentator/Totalsegmentator_dataset/s1379/derivatives/xray_from_ct/s1379_hip-lat.png,totalsegmentator/Totalsegmentator_dataset/s1379/derivatives/seg_roi/s1379_hip_msk.nii.gz
102,totalsegmentator/Totalsegmentator_dataset/s1061/derivatives/xray_from_ct/s1061_hip-ap.png,totalsegmentator/Totalsegmentator_dataset/s1061/derivatives/xray_from_ct/s1061_hip-lat.png,totalsegmentator/Totalsegmentator_dataset/s1061/derivatives/seg_roi/s1061_hip_msk.nii.gz
103,totalsegmentator/Totalsegmentator_dataset/s0601/derivatives/xray_from_ct/s0601_hip-ap.png,totalsegmentator/Totalsegmentator_dataset/s0601/derivatives/xray_from_ct/s0601_hip-lat.png,totalsegmentator/Totalsegmentator_dataset/s0601/derivatives/seg_roi/s0601_hip_msk.nii.gz
104,totalsegmentator/Totalsegmentator_dataset/s0495/derivatives/xray_from_ct/s0495_hip-ap.png,totalsegmentator/Totalsegmentator_dataset/s0495/derivatives/xray_from_ct/s0495_hip-lat.png,totalsegmentator/Totalsegmentator_dataset/s0495/derivatives/seg_roi/s0495_hip_msk.nii.gz
105,totalsegmentator/Totalsegmentator_dataset/s0720/derivatives/xray_from_ct/s0720_hip-ap.png,totalsegmentator/Totalsegmentator_dataset/s0720/derivatives/xray_from_ct/s0720_hip-lat.png,totalsegmentator/Totalsegmentator_dataset/s0720/derivatives/seg_roi/s0720_hip_msk.nii.gz
106,totalsegmentator/Totalsegmentator_dataset/s0561/derivatives/xray_from_ct/s0561_hip-ap.png,totalsegmentator/Totalsegmentator_dataset/s0561/derivatives/xray_from_ct/s0561_hip-lat.png,totalsegmentator/Totalsegmentator_dataset/s0561/derivatives/seg_roi/s0561_hip_msk.nii.gz
107,totalsegmentator/Totalsegmentator_dataset/s0646/derivatives/xray_from_ct/s0646_hip-ap.png,totalsegmentator/Totalsegmentator_dataset/s0646/derivatives/xray_from_ct/s0646_hip-lat.png,totalsegmentator/Totalsegmentator_dataset/s0646/derivatives/seg_roi/s0646_hip_msk.nii.gz
108,totalsegmentator/Totalsegmentator_dataset/s0358/derivatives/xray_from_ct/s0358_hip-ap.png,totalsegmentator/Totalsegmentator_dataset/s0358/derivatives/xray_from_ct/s0358_hip-lat.png,totalsegmentator/Totalsegmentator_dataset/s0358/derivatives/seg_roi/s0358_hip_msk.nii.gz
109,totalsegmentator/Totalsegmentator_dataset/s0682/derivatives/xray_from_ct/s0682_hip-ap.png,totalsegmentator/Totalsegmentator_dataset/s0682/derivatives/xray_from_ct/s0682_hip-lat.png,totalsegmentator/Totalsegmentator_dataset/s0682/derivatives/seg_roi/s0682_hip_msk.nii.gz
110,totalsegmentator/Totalsegmentator_dataset/s0762/derivatives/xray_from_ct/s0762_hip-ap.png,totalsegmentator/Totalsegmentator_dataset/s0762/derivatives/xray_from_ct/s0762_hip-lat.png,totalsegmentator/Totalsegmentator_dataset/s0762/derivatives/seg_roi/s0762_hip_msk.nii.gz
111,totalsegmentator/Totalsegmentator_dataset/s0982/derivatives/xray_from_ct/s0982_hip-ap.png,totalsegmentator/Totalsegmentator_dataset/s0982/derivatives/xray_from_ct/s0982_hip-lat.png,totalsegmentator/Totalsegmentator_dataset/s0982/derivatives/seg_roi/s0982_hip_msk.nii.gz
112,totalsegmentator/Totalsegmentator_dataset/s0030/derivatives/xray_from_ct/s0030_hip-ap.png,totalsegmentator/Totalsegmentator_dataset/s0030/derivatives/xray_from_ct/s0030_hip-lat.png,totalsegmentator/Totalsegmentator_dataset/s0030/derivatives/seg_roi/s0030_hip_msk.nii.gz
113,totalsegmentator/Totalsegmentator_dataset/s1062/derivatives/xray_from_ct/s1062_hip-ap.png,totalsegmentator/Totalsegmentator_dataset/s1062/derivatives/xray_from_ct/s1062_hip-lat.png,totalsegmentator/Totalsegmentator_dataset/s1062/derivatives/seg_roi/s1062_hip_msk.nii.gz
114,totalsegmentator/Totalsegmentator_dataset/s0603/derivatives/xray_from_ct/s0603_hip-ap.png,totalsegmentator/Totalsegmentator_dataset/s0603/derivatives/xray_from_ct/s0603_hip-lat.png,totalsegmentator/Totalsegmentator_dataset/s0603/derivatives/seg_roi/s0603_hip_msk.nii.gz
115,totalsegmentator/Totalsegmentator_dataset/s0617/derivatives/xray_from_ct/s0617_hip-ap.png,totalsegmentator/Totalsegmentator_dataset/s0617/derivatives/xray_from_ct/s0617_hip-lat.png,totalsegmentator/Totalsegmentator_dataset/s0617/derivatives/seg_roi/s0617_hip_msk.nii.gz
116,totalsegmentator/Totalsegmentator_dataset/s1105/derivatives/xray_from_ct/s1105_hip-ap.png,totalsegmentator/Totalsegmentator_dataset/s1105/derivatives/xray_from_ct/s1105_hip-lat.png,totalsegmentator/Totalsegmentator_dataset/s1105/derivatives/seg_roi/s1105_hip_msk.nii.gz
117,totalsegmentator/Totalsegmentator_dataset/s0578/derivatives/xray_from_ct/s0578_hip-ap.png,totalsegmentator/Totalsegmentator_dataset/s0578/derivatives/xray_from_ct/s0578_hip-lat.png,totalsegmentator/Totalsegmentator_dataset/s0578/derivatives/seg_roi/s0578_hip_msk.nii.gz
118,totalsegmentator/Totalsegmentator_dataset/s1364/derivatives/xray_from_ct/s1364_hip-ap.png,totalsegmentator/Totalsegmentator_dataset/s1364/derivatives/xray_from_ct/s1364_hip-lat.png,totalsegmentator/Totalsegmentator_dataset/s1364/derivatives/seg_roi/s1364_hip_msk.nii.gz
119,totalsegmentator/Totalsegmentator_dataset/s1310/derivatives/xray_from_ct/s1310_hip-ap.png,totalsegmentator/Totalsegmentator_dataset/s1310/derivatives/xray_from_ct/s1310_hip-lat.png,totalsegmentator/Totalsegmentator_dataset/s1310/derivatives/seg_roi/s1310_hip_msk.nii.gz
120,totalsegmentator/Totalsegmentator_dataset/s0692/derivatives/xray_from_ct/s0692_hip-ap.png,totalsegmentator/Totalsegmentator_dataset/s0692/derivatives/xray_from_ct/s0692_hip-lat.png,totalsegmentator/Totalsegmentator_dataset/s0692/derivatives/seg_roi/s0692_hip_msk.nii.gz
121,totalsegmentator/Totalsegmentator_dataset/s0188/derivatives/xray_from_ct/s0188_hip-ap.png,totalsegmentator/Totalsegmentator_dataset/s0188/derivatives/xray_from_ct/s0188_hip-lat.png,totalsegmentator/Totalsegmentator_dataset/s0188/derivatives/seg_roi/s0188_hip_msk.nii.gz
122,totalsegmentator/Totalsegmentator_dataset/s1293/derivatives/xray_from_ct/s1293_hip-ap.png,totalsegmentator/Totalsegmentator_dataset/s1293/derivatives/xray_from_ct/s1293_hip-lat.png,totalsegmentator/Totalsegmentator_dataset/s1293/derivatives/seg_roi/s1293_hip_msk.nii.gz
123,totalsegmentator/Totalsegmentator_dataset/s0345/derivatives/xray_from_ct/s0345_hip-ap.png,totalsegmentator/Totalsegmentator_dataset/s0345/derivatives/xray_from_ct/s0345_hip-lat.png,totalsegmentator/Totalsegmentator_dataset/s0345/derivatives/seg_roi/s0345_hip_msk.nii.gz
124,totalsegmentator/Totalsegmentator_dataset/s0830/derivatives/xray_from_ct/s0830_hip-ap.png,totalsegmentator/Totalsegmentator_dataset/s0830/derivatives/xray_from_ct/s0830_hip-lat.png,totalsegmentator/Totalsegmentator_dataset/s0830/derivatives/seg_roi/s0830_hip_msk.nii.gz
125,totalsegmentator/Totalsegmentator_dataset/s1233/derivatives/xray_from_ct/s1233_hip-ap.png,totalsegmentator/Totalsegmentator_dataset/s1233/derivatives/xray_from_ct/s1233_hip-lat.png,totalsegmentator/Totalsegmentator_dataset/s1233/derivatives/seg_roi/s1233_hip_msk.nii.gz
126,totalsegmentator/Totalsegmentator_dataset/s0573/derivatives/xray_from_ct/s0573_hip-ap.png,totalsegmentator/Totalsegmentator_dataset/s0573/derivatives/xray_from_ct/s0573_hip-lat.png,totalsegmentator/Totalsegmentator_dataset/s0573/derivatives/seg_roi/s0573_hip_msk.nii.gz
127,totalsegmentator/Totalsegmentator_dataset/s0178/derivatives/xray_from_ct/s0178_hip-ap.png,totalsegmentator/Totalsegmentator_dataset/s0178/derivatives/xray_from_ct/s0178_hip-lat.png,totalsegmentator/Totalsegmentator_dataset/s0178/derivatives/seg_roi/s0178_hip_msk.nii.gz
128,totalsegmentator/Totalsegmentator_dataset/s0436/derivatives/xray_from_ct/s0436_hip-ap.png,totalsegmentator/Totalsegmentator_dataset/s0436/derivatives/xray_from_ct/s0436_hip-lat.png,totalsegmentator/Totalsegmentator_dataset/s0436/derivatives/seg_roi/s0436_hip_msk.nii.gz
129,totalsegmentator/Totalsegmentator_dataset/s0669/derivatives/xray_from_ct/s0669_hip-ap.png,totalsegmentator/Totalsegmentator_dataset/s0669/derivatives/xray_from_ct/s0669_hip-lat.png,totalsegmentator/Totalsegmentator_dataset/s0669/derivatives/seg_roi/s0669_hip_msk.nii.gz
130,totalsegmentator/Totalsegmentator_dataset/s0012/derivatives/xray_from_ct/s0012_hip-ap.png,totalsegmentator/Totalsegmentator_dataset/s0012/derivatives/xray_from_ct/s0012_hip-lat.png,totalsegmentator/Totalsegmentator_dataset/s0012/derivatives/seg_roi/s0012_hip_msk.nii.gz
131,totalsegmentator/Totalsegmentator_dataset/s1344/derivatives/xray_from_ct/s1344_hip-ap.png,totalsegmentator/Totalsegmentator_dataset/s1344/derivatives/xray_from_ct/s1344_hip-lat.png,totalsegmentator/Totalsegmentator_dataset/s1344/derivatives/seg_roi/s1344_hip_msk.nii.gz
132,totalsegmentator/Totalsegmentator_dataset/s1256/derivatives/xray_from_ct/s1256_hip-ap.png,totalsegmentator/Totalsegmentator_dataset/s1256/derivatives/xray_from_ct/s1256_hip-lat.png,totalsegmentator/Totalsegmentator_dataset/s1256/derivatives/seg_roi/s1256_hip_msk.nii.gz
133,totalsegmentator/Totalsegmentator_dataset/s0662/derivatives/xray_from_ct/s0662_hip-ap.png,totalsegmentator/Totalsegmentator_dataset/s0662/derivatives/xray_from_ct/s0662_hip-lat.png,totalsegmentator/Totalsegmentator_dataset/s0662/derivatives/seg_roi/s0662_hip_msk.nii.gz
134,totalsegmentator/Totalsegmentator_dataset/s0124/derivatives/xray_from_ct/s0124_hip-ap.png,totalsegmentator/Totalsegmentator_dataset/s0124/derivatives/xray_from_ct/s0124_hip-lat.png,totalsegmentator/Totalsegmentator_dataset/s0124/derivatives/seg_roi/s0124_hip_msk.nii.gz
135,totalsegmentator/Totalsegmentator_dataset/s1319/derivatives/xray_from_ct/s1319_hip-ap.png,totalsegmentator/Totalsegmentator_dataset/s1319/derivatives/xray_from_ct/s1319_hip-lat.png,totalsegmentator/Totalsegmentator_dataset/s1319/derivatives/seg_roi/s1319_hip_msk.nii.gz
136,totalsegmentator/Totalsegmentator_dataset/s0179/derivatives/xray_from_ct/s0179_hip-ap.png,totalsegmentator/Totalsegmentator_dataset/s0179/derivatives/xray_from_ct/s0179_hip-lat.png,totalsegmentator/Totalsegmentator_dataset/s0179/derivatives/seg_roi/s0179_hip_msk.nii.gz
137,totalsegmentator/Totalsegmentator_dataset/s0904/derivatives/xray_from_ct/s0904_hip-ap.png,totalsegmentator/Totalsegmentator_dataset/s0904/derivatives/xray_from_ct/s0904_hip-lat.png,totalsegmentator/Totalsegmentator_dataset/s0904/derivatives/seg_roi/s0904_hip_msk.nii.gz
138,totalsegmentator/Totalsegmentator_dataset/s0639/derivatives/xray_from_ct/s0639_hip-ap.png,totalsegmentator/Totalsegmentator_dataset/s0639/derivatives/xray_from_ct/s0639_hip-lat.png,totalsegmentator/Totalsegmentator_dataset/s0639/derivatives/seg_roi/s0639_hip_msk.nii.gz
139,totalsegmentator/Totalsegmentator_dataset/s0307/derivatives/xray_from_ct/s0307_hip-ap.png,totalsegmentator/Totalsegmentator_dataset/s0307/derivatives/xray_from_ct/s0307_hip-lat.png,totalsegmentator/Totalsegmentator_dataset/s0307/derivatives/seg_roi/s0307_hip_msk.nii.gz
140,totalsegmentator/Totalsegmentator_dataset/s0957/derivatives/xray_from_ct/s0957_hip-ap.png,totalsegmentator/Totalsegmentator_dataset/s0957/derivatives/xray_from_ct/s0957_hip-lat.png,totalsegmentator/Totalsegmentator_dataset/s0957/derivatives/seg_roi/s0957_hip_msk.nii.gz
141,totalsegmentator/Totalsegmentator_dataset/s1149/derivatives/xray_from_ct/s1149_hip-ap.png,totalsegmentator/Totalsegmentator_dataset/s1149/derivatives/xray_from_ct/s1149_hip-lat.png,totalsegmentator/Totalsegmentator_dataset/s1149/derivatives/seg_roi/s1149_hip_msk.nii.gz
142,totalsegmentator/Totalsegmentator_dataset/s1403/derivatives/xray_from_ct/s1403_hip-ap.png,totalsegmentator/Totalsegmentator_dataset/s1403/derivatives/xray_from_ct/s1403_hip-lat.png,totalsegmentator/Totalsegmentator_dataset/s1403/derivatives/seg_roi/s1403_hip_msk.nii.gz
143,totalsegmentator/Totalsegmentator_dataset/s1137/derivatives/xray_from_ct/s1137_hip-ap.png,totalsegmentator/Totalsegmentator_dataset/s1137/derivatives/xray_from_ct/s1137_hip-lat.png,totalsegmentator/Totalsegmentator_dataset/s1137/derivatives/seg_roi/s1137_hip_msk.nii.gz
144,totalsegmentator/Totalsegmentator_dataset/s1291/derivatives/xray_from_ct/s1291_hip-ap.png,totalsegmentator/Totalsegmentator_dataset/s1291/derivatives/xray_from_ct/s1291_hip-lat.png,totalsegmentator/Totalsegmentator_dataset/s1291/derivatives/seg_roi/s1291_hip_msk.nii.gz
145,totalsegmentator/Totalsegmentator_dataset/s0143/derivatives/xray_from_ct/s0143_hip-ap.png,totalsegmentator/Totalsegmentator_dataset/s0143/derivatives/xray_from_ct/s0143_hip-lat.png,totalsegmentator/Totalsegmentator_dataset/s0143/derivatives/seg_roi/s0143_hip_msk.nii.gz
146,totalsegmentator/Totalsegmentator_dataset/s0613/derivatives/xray_from_ct/s0613_hip-ap.png,totalsegmentator/Totalsegmentator_dataset/s0613/derivatives/xray_from_ct/s0613_hip-lat.png,totalsegmentator/Totalsegmentator_dataset/s0613/derivatives/seg_roi/s0613_hip_msk.nii.gz
147,totalsegmentator/Totalsegmentator_dataset/s1111/derivatives/xray_from_ct/s1111_hip-ap.png,totalsegmentator/Totalsegmentator_dataset/s1111/derivatives/xray_from_ct/s1111_hip-lat.png,totalsegmentator/Totalsegmentator_dataset/s1111/derivatives/seg_roi/s1111_hip_msk.nii.gz
148,totalsegmentator/Totalsegmentator_dataset/s1089/derivatives/xray_from_ct/s1089_hip-ap.png,totalsegmentator/Totalsegmentator_dataset/s1089/derivatives/xray_from_ct/s1089_hip-lat.png,totalsegmentator/Totalsegmentator_dataset/s1089/derivatives/seg_roi/s1089_hip_msk.nii.gz
149,totalsegmentator/Totalsegmentator_dataset/s0260/derivatives/xray_from_ct/s0260_hip-ap.png,totalsegmentator/Totalsegmentator_dataset/s0260/derivatives/xray_from_ct/s0260_hip-lat.png,totalsegmentator/Totalsegmentator_dataset/s0260/derivatives/seg_roi/s0260_hip_msk.nii.gz
150,totalsegmentator/Totalsegmentator_dataset/s0880/derivatives/xray_from_ct/s0880_hip-ap.png,totalsegmentator/Totalsegmentator_dataset/s0880/derivatives/xray_from_ct/s0880_hip-lat.png,totalsegmentator/Totalsegmentator_dataset/s0880/derivatives/seg_roi/s0880_hip_msk.nii.gz
151,totalsegmentator/Totalsegmentator_dataset/s0699/derivatives/xray_from_ct/s0699_hip-ap.png,totalsegmentator/Totalsegmentator_dataset/s0699/derivatives/xray_from_ct/s0699_hip-lat.png,totalsegmentator/Totalsegmentator_dataset/s0699/derivatives/seg_roi/s0699_hip_msk.nii.gz
152,totalsegmentator/Totalsegmentator_dataset/s1340/derivatives/xray_from_ct/s1340_hip-ap.png,totalsegmentator/Totalsegmentator_dataset/s1340/derivatives/xray_from_ct/s1340_hip-lat.png,totalsegmentator/Totalsegmentator_dataset/s1340/derivatives/seg_roi/s1340_hip_msk.nii.gz
153,totalsegmentator/Totalsegmentator_dataset/s1098/derivatives/xray_from_ct/s1098_hip-ap.png,totalsegmentator/Totalsegmentator_dataset/s1098/derivatives/xray_from_ct/s1098_hip-lat.png,totalsegmentator/Totalsegmentator_dataset/s1098/derivatives/seg_roi/s1098_hip_msk.nii.gz
154,totalsegmentator/Totalsegmentator_dataset/s0416/derivatives/xray_from_ct/s0416_hip-ap.png,totalsegmentator/Totalsegmentator_dataset/s0416/derivatives/xray_from_ct/s0416_hip-lat.png,totalsegmentator/Totalsegmentator_dataset/s0416/derivatives/seg_roi/s0416_hip_msk.nii.gz
155,totalsegmentator/Totalsegmentator_dataset/s1361/derivatives/xray_from_ct/s1361_hip-ap.png,totalsegmentator/Totalsegmentator_dataset/s1361/derivatives/xray_from_ct/s1361_hip-lat.png,totalsegmentator/Totalsegmentator_dataset/s1361/derivatives/seg_roi/s1361_hip_msk.nii.gz
156,totalsegmentator/Totalsegmentator_dataset/s0390/derivatives/xray_from_ct/s0390_hip-ap.png,totalsegmentator/Totalsegmentator_dataset/s0390/derivatives/xray_from_ct/s0390_hip-lat.png,totalsegmentator/Totalsegmentator_dataset/s0390/derivatives/seg_roi/s0390_hip_msk.nii.gz
157,totalsegmentator/Totalsegmentator_dataset/s0553/derivatives/xray_from_ct/s0553_hip-ap.png,totalsegmentator/Totalsegmentator_dataset/s0553/derivatives/xray_from_ct/s0553_hip-lat.png,totalsegmentator/Totalsegmentator_dataset/s0553/derivatives/seg_roi/s0553_hip_msk.nii.gz
158,totalsegmentator/Totalsegmentator_dataset/s0950/derivatives/xray_from_ct/s0950_hip-ap.png,totalsegmentator/Totalsegmentator_dataset/s0950/derivatives/xray_from_ct/s0950_hip-lat.png,totalsegmentator/Totalsegmentator_dataset/s0950/derivatives/seg_roi/s0950_hip_msk.nii.gz
159,totalsegmentator/Totalsegmentator_dataset/s0589/derivatives/xray_from_ct/s0589_hip-ap.png,totalsegmentator/Totalsegmentator_dataset/s0589/derivatives/xray_from_ct/s0589_hip-lat.png,totalsegmentator/Totalsegmentator_dataset/s0589/derivatives/seg_roi/s0589_hip_msk.nii.gz
160,totalsegmentator/Totalsegmentator_dataset/s0923/derivatives/xray_from_ct/s0923_hip-ap.png,totalsegmentator/Totalsegmentator_dataset/s0923/derivatives/xray_from_ct/s0923_hip-lat.png,totalsegmentator/Totalsegmentator_dataset/s0923/derivatives/seg_roi/s0923_hip_msk.nii.gz
161,totalsegmentator/Totalsegmentator_dataset/s0635/derivatives/xray_from_ct/s0635_hip-ap.png,totalsegmentator/Totalsegmentator_dataset/s0635/derivatives/xray_from_ct/s0635_hip-lat.png,totalsegmentator/Totalsegmentator_dataset/s0635/derivatives/seg_roi/s0635_hip_msk.nii.gz
162,totalsegmentator/Totalsegmentator_dataset/s1086/derivatives/xray_from_ct/s1086_hip-ap.png,totalsegmentator/Totalsegmentator_dataset/s1086/derivatives/xray_from_ct/s1086_hip-lat.png,totalsegmentator/Totalsegmentator_dataset/s1086/derivatives/seg_roi/s1086_hip_msk.nii.gz
163,totalsegmentator/Totalsegmentator_dataset/s1121/derivatives/xray_from_ct/s1121_hip-ap.png,totalsegmentator/Totalsegmentator_dataset/s1121/derivatives/xray_from_ct/s1121_hip-lat.png,totalsegmentator/Totalsegmentator_dataset/s1121/derivatives/seg_roi/s1121_hip_msk.nii.gz
164,totalsegmentator/Totalsegmentator_dataset/s0054/derivatives/xray_from_ct/s0054_hip-ap.png,totalsegmentator/Totalsegmentator_dataset/s0054/derivatives/xray_from_ct/s0054_hip-lat.png,totalsegmentator/Totalsegmentator_dataset/s0054/derivatives/seg_roi/s0054_hip_msk.nii.gz
165,totalsegmentator/Totalsegmentator_dataset/s0571/derivatives/xray_from_ct/s0571_hip-ap.png,totalsegmentator/Totalsegmentator_dataset/s0571/derivatives/xray_from_ct/s0571_hip-lat.png,totalsegmentator/Totalsegmentator_dataset/s0571/derivatives/seg_roi/s0571_hip_msk.nii.gz
166,totalsegmentator/Totalsegmentator_dataset/s0703/derivatives/xray_from_ct/s0703_hip-ap.png,totalsegmentator/Totalsegmentator_dataset/s0703/derivatives/xray_from_ct/s0703_hip-lat.png,totalsegmentator/Totalsegmentator_dataset/s0703/derivatives/seg_roi/s0703_hip_msk.nii.gz
167,totalsegmentator/Totalsegmentator_dataset/s0052/derivatives/xray_from_ct/s0052_hip-ap.png,totalsegmentator/Totalsegmentator_dataset/s0052/derivatives/xray_from_ct/s0052_hip-lat.png,totalsegmentator/Totalsegmentator_dataset/s0052/derivatives/seg_roi/s0052_hip_msk.nii.gz
168,totalsegmentator/Totalsegmentator_dataset/s1124/derivatives/xray_from_ct/s1124_hip-ap.png,totalsegmentator/Totalsegmentator_dataset/s1124/derivatives/xray_from_ct/s1124_hip-lat.png,totalsegmentator/Totalsegmentator_dataset/s1124/derivatives/seg_roi/s1124_hip_msk.nii.gz
169,totalsegmentator/Totalsegmentator_dataset/s1400/derivatives/xray_from_ct/s1400_hip-ap.png,totalsegmentator/Totalsegmentator_dataset/s1400/derivatives/xray_from_ct/s1400_hip-lat.png,totalsegmentator/Totalsegmentator_dataset/s1400/derivatives/seg_roi/s1400_hip_msk.nii.gz
170,totalsegmentator/Totalsegmentator_dataset/s0076/derivatives/xray_from_ct/s0076_hip-ap.png,totalsegmentator/Totalsegmentator_dataset/s0076/derivatives/xray_from_ct/s0076_hip-lat.png,totalsegmentator/Totalsegmentator_dataset/s0076/derivatives/seg_roi/s0076_hip_msk.nii.gz
171,totalsegmentator/Totalsegmentator_dataset/s0625/derivatives/xray_from_ct/s0625_hip-ap.png,totalsegmentator/Totalsegmentator_dataset/s0625/derivatives/xray_from_ct/s0625_hip-lat.png,totalsegmentator/Totalsegmentator_dataset/s0625/derivatives/seg_roi/s0625_hip_msk.nii.gz
172,totalsegmentator/Totalsegmentator_dataset/s0011/derivatives/xray_from_ct/s0011_hip-ap.png,totalsegmentator/Totalsegmentator_dataset/s0011/derivatives/xray_from_ct/s0011_hip-lat.png,totalsegmentator/Totalsegmentator_dataset/s0011/derivatives/seg_roi/s0011_hip_msk.nii.gz
173,totalsegmentator/Totalsegmentator_dataset/s0150/derivatives/xray_from_ct/s0150_hip-ap.png,totalsegmentator/Totalsegmentator_dataset/s0150/derivatives/xray_from_ct/s0150_hip-lat.png,totalsegmentator/Totalsegmentator_dataset/s0150/derivatives/seg_roi/s0150_hip_msk.nii.gz
174,totalsegmentator/Totalsegmentator_dataset/s0712/derivatives/xray_from_ct/s0712_hip-ap.png,totalsegmentator/Totalsegmentator_dataset/s0712/derivatives/xray_from_ct/s0712_hip-lat.png,totalsegmentator/Totalsegmentator_dataset/s0712/derivatives/seg_roi/s0712_hip_msk.nii.gz
175,totalsegmentator/Totalsegmentator_dataset/s0667/derivatives/xray_from_ct/s0667_hip-ap.png,totalsegmentator/Totalsegmentator_dataset/s0667/derivatives/xray_from_ct/s0667_hip-lat.png,totalsegmentator/Totalsegmentator_dataset/s0667/derivatives/seg_roi/s0667_hip_msk.nii.gz
176,totalsegmentator/Totalsegmentator_dataset/s0161/derivatives/xray_from_ct/s0161_hip-ap.png,totalsegmentator/Totalsegmentator_dataset/s0161/derivatives/xray_from_ct/s0161_hip-lat.png,totalsegmentator/Totalsegmentator_dataset/s0161/derivatives/seg_roi/s0161_hip_msk.nii.gz
177,totalsegmentator/Totalsegmentator_dataset/s0628/derivatives/xray_from_ct/s0628_hip-ap.png,totalsegmentator/Totalsegmentator_dataset/s0628/derivatives/xray_from_ct/s0628_hip-lat.png,totalsegmentator/Totalsegmentator_dataset/s0628/derivatives/seg_roi/s0628_hip_msk.nii.gz
178,totalsegmentator/Totalsegmentator_dataset/s0994/derivatives/xray_from_ct/s0994_hip-ap.png,totalsegmentator/Totalsegmentator_dataset/s0994/derivatives/xray_from_ct/s0994_hip-lat.png,totalsegmentator/Totalsegmentator_dataset/s0994/derivatives/seg_roi/s0994_hip_msk.nii.gz
179,totalsegmentator/Totalsegmentator_dataset/s0707/derivatives/xray_from_ct/s0707_hip-ap.png,totalsegmentator/Totalsegmentator_dataset/s0707/derivatives/xray_from_ct/s0707_hip-lat.png,totalsegmentator/Totalsegmentator_dataset/s0707/derivatives/seg_roi/s0707_hip_msk.nii.gz
180,totalsegmentator/Totalsegmentator_dataset/s1334/derivatives/xray_from_ct/s1334_hip-ap.png,totalsegmentator/Totalsegmentator_dataset/s1334/derivatives/xray_from_ct/s1334_hip-lat.png,totalsegmentator/Totalsegmentator_dataset/s1334/derivatives/seg_roi/s1334_hip_msk.nii.gz
181,totalsegmentator/Totalsegmentator_dataset/s1041/derivatives/xray_from_ct/s1041_hip-ap.png,totalsegmentator/Totalsegmentator_dataset/s1041/derivatives/xray_from_ct/s1041_hip-lat.png,totalsegmentator/Totalsegmentator_dataset/s1041/derivatives/seg_roi/s1041_hip_msk.nii.gz
182,totalsegmentator/Totalsegmentator_dataset/s0038/derivatives/xray_from_ct/s0038_hip-ap.png,totalsegmentator/Totalsegmentator_dataset/s0038/derivatives/xray_from_ct/s0038_hip-lat.png,totalsegmentator/Totalsegmentator_dataset/s0038/derivatives/seg_roi/s0038_hip_msk.nii.gz
183,totalsegmentator/Totalsegmentator_dataset/s0541/derivatives/xray_from_ct/s0541_hip-ap.png,totalsegmentator/Totalsegmentator_dataset/s0541/derivatives/xray_from_ct/s0541_hip-lat.png,totalsegmentator/Totalsegmentator_dataset/s0541/derivatives/seg_roi/s0541_hip_msk.nii.gz
184,totalsegmentator/Totalsegmentator_dataset/s1131/derivatives/xray_from_ct/s1131_hip-ap.png,totalsegmentator/Totalsegmentator_dataset/s1131/derivatives/xray_from_ct/s1131_hip-lat.png,totalsegmentator/Totalsegmentator_dataset/s1131/derivatives/seg_roi/s1131_hip_msk.nii.gz
185,totalsegmentator/Totalsegmentator_dataset/s0339/derivatives/xray_from_ct/s0339_hip-ap.png,totalsegmentator/Totalsegmentator_dataset/s0339/derivatives/xray_from_ct/s0339_hip-lat.png,totalsegmentator/Totalsegmentator_dataset/s0339/derivatives/seg_roi/s0339_hip_msk.nii.gz
186,totalsegmentator/Totalsegmentator_dataset/s0529/derivatives/xray_from_ct/s0529_hip-ap.png,totalsegmentator/Totalsegmentator_dataset/s0529/derivatives/xray_from_ct/s0529_hip-lat.png,totalsegmentator/Totalsegmentator_dataset/s0529/derivatives/seg_roi/s0529_hip_msk.nii.gz
187,totalsegmentator/Totalsegmentator_dataset/s0768/derivatives/xray_from_ct/s0768_hip-ap.png,totalsegmentator/Totalsegmentator_dataset/s0768/derivatives/xray_from_ct/s0768_hip-lat.png,totalsegmentator/Totalsegmentator_dataset/s0768/derivatives/seg_roi/s0768_hip_msk.nii.gz
188,totalsegmentator/Totalsegmentator_dataset/s1273/derivatives/xray_from_ct/s1273_hip-ap.png,totalsegmentator/Totalsegmentator_dataset/s1273/derivatives/xray_from_ct/s1273_hip-lat.png,totalsegmentator/Totalsegmentator_dataset/s1273/derivatives/seg_roi/s1273_hip_msk.nii.gz
189,totalsegmentator/Totalsegmentator_dataset/s0983/derivatives/xray_from_ct/s0983_hip-ap.png,totalsegmentator/Totalsegmentator_dataset/s0983/derivatives/xray_from_ct/s0983_hip-lat.png,totalsegmentator/Totalsegmentator_dataset/s0983/derivatives/seg_roi/s0983_hip_msk.nii.gz
190,totalsegmentator/Totalsegmentator_dataset/s0224/derivatives/xray_from_ct/s0224_hip-ap.png,totalsegmentator/Totalsegmentator_dataset/s0224/derivatives/xray_from_ct/s0224_hip-lat.png,totalsegmentator/Totalsegmentator_dataset/s0224/derivatives/seg_roi/s0224_hip_msk.nii.gz
191,totalsegmentator/Totalsegmentator_dataset/s0778/derivatives/xray_from_ct/s0778_hip-ap.png,totalsegmentator/Totalsegmentator_dataset/s0778/derivatives/xray_from_ct/s0778_hip-lat.png,totalsegmentator/Totalsegmentator_dataset/s0778/derivatives/seg_roi/s0778_hip_msk.nii.gz
192,totalsegmentator/Totalsegmentator_dataset/s0899/derivatives/xray_from_ct/s0899_hip-ap.png,totalsegmentator/Totalsegmentator_dataset/s0899/derivatives/xray_from_ct/s0899_hip-lat.png,totalsegmentator/Totalsegmentator_dataset/s0899/derivatives/seg_roi/s0899_hip_msk.nii.gz
193,totalsegmentator/Totalsegmentator_dataset/s0702/derivatives/xray_from_ct/s0702_hip-ap.png,totalsegmentator/Totalsegmentator_dataset/s0702/derivatives/xray_from_ct/s0702_hip-lat.png,totalsegmentator/Totalsegmentator_dataset/s0702/derivatives/seg_roi/s0702_hip_msk.nii.gz
194,totalsegmentator/Totalsegmentator_dataset/s0301/derivatives/xray_from_ct/s0301_hip-ap.png,totalsegmentator/Totalsegmentator_dataset/s0301/derivatives/xray_from_ct/s0301_hip-lat.png,totalsegmentator/Totalsegmentator_dataset/s0301/derivatives/seg_roi/s0301_hip_msk.nii.gz
195,totalsegmentator/Totalsegmentator_dataset/s0760/derivatives/xray_from_ct/s0760_hip-ap.png,totalsegmentator/Totalsegmentator_dataset/s0760/derivatives/xray_from_ct/s0760_hip-lat.png,totalsegmentator/Totalsegmentator_dataset/s0760/derivatives/seg_roi/s0760_hip_msk.nii.gz
196,totalsegmentator/Totalsegmentator_dataset/s0644/derivatives/xray_from_ct/s0644_hip-ap.png,totalsegmentator/Totalsegmentator_dataset/s0644/derivatives/xray_from_ct/s0644_hip-lat.png,totalsegmentator/Totalsegmentator_dataset/s0644/derivatives/seg_roi/s0644_hip_msk.nii.gz
197,totalsegmentator/Totalsegmentator_dataset/s0945/derivatives/xray_from_ct/s0945_hip-ap.png,totalsegmentator/Totalsegmentator_dataset/s0945/derivatives/xray_from_ct/s0945_hip-lat.png,totalsegmentator/Totalsegmentator_dataset/s0945/derivatives/seg_roi/s0945_hip_msk.nii.gz
198,totalsegmentator/Totalsegmentator_dataset/s0861/derivatives/xray_from_ct/s0861_hip-ap.png,totalsegmentator/Totalsegmentator_dataset/s0861/derivatives/xray_from_ct/s0861_hip-lat.png,totalsegmentator/Totalsegmentator_dataset/s0861/derivatives/seg_roi/s0861_hip_msk.nii.gz
199,totalsegmentator/Totalsegmentator_dataset/s0584/derivatives/xray_from_ct/s0584_hip-ap.png,totalsegmentator/Totalsegmentator_dataset/s0584/derivatives/xray_from_ct/s0584_hip-lat.png,totalsegmentator/Totalsegmentator_dataset/s0584/derivatives/seg_roi/s0584_hip_msk.nii.gz
200,totalsegmentator/Totalsegmentator_dataset/s0614/derivatives/xray_from_ct/s0614_hip-ap.png,totalsegmentator/Totalsegmentator_dataset/s0614/derivatives/xray_from_ct/s0614_hip-lat.png,totalsegmentator/Totalsegmentator_dataset/s0614/derivatives/seg_roi/s0614_hip_msk.nii.gz
201,totalsegmentator/Totalsegmentator_dataset/s0690/derivatives/xray_from_ct/s0690_hip-ap.png,totalsegmentator/Totalsegmentator_dataset/s0690/derivatives/xray_from_ct/s0690_hip-lat.png,totalsegmentator/Totalsegmentator_dataset/s0690/derivatives/seg_roi/s0690_hip_msk.nii.gz
202,totalsegmentator/Totalsegmentator_dataset/s0133/derivatives/xray_from_ct/s0133_hip-ap.png,totalsegmentator/Totalsegmentator_dataset/s0133/derivatives/xray_from_ct/s0133_hip-lat.png,totalsegmentator/Totalsegmentator_dataset/s0133/derivatives/seg_roi/s0133_hip_msk.nii.gz
203,totalsegmentator/Totalsegmentator_dataset/s0913/derivatives/xray_from_ct/s0913_hip-ap.png,totalsegmentator/Totalsegmentator_dataset/s0913/derivatives/xray_from_ct/s0913_hip-lat.png,totalsegmentator/Totalsegmentator_dataset/s0913/derivatives/seg_roi/s0913_hip_msk.nii.gz
204,totalsegmentator/Totalsegmentator_dataset/s0334/derivatives/xray_from_ct/s0334_hip-ap.png,totalsegmentator/Totalsegmentator_dataset/s0334/derivatives/xray_from_ct/s0334_hip-lat.png,totalsegmentator/Totalsegmentator_dataset/s0334/derivatives/seg_roi/s0334_hip_msk.nii.gz
205,totalsegmentator/Totalsegmentator_dataset/s1145/derivatives/xray_from_ct/s1145_hip-ap.png,totalsegmentator/Totalsegmentator_dataset/s1145/derivatives/xray_from_ct/s1145_hip-lat.png,totalsegmentator/Totalsegmentator_dataset/s1145/derivatives/seg_roi/s1145_hip_msk.nii.gz
206,totalsegmentator/Totalsegmentator_dataset/s0806/derivatives/xray_from_ct/s0806_hip-ap.png,totalsegmentator/Totalsegmentator_dataset/s0806/derivatives/xray_from_ct/s0806_hip-lat.png,totalsegmentator/Totalsegmentator_dataset/s0806/derivatives/seg_roi/s0806_hip_msk.nii.gz
207,totalsegmentator/Totalsegmentator_dataset/s1009/derivatives/xray_from_ct/s1009_hip-ap.png,totalsegmentator/Totalsegmentator_dataset/s1009/derivatives/xray_from_ct/s1009_hip-lat.png,totalsegmentator/Totalsegmentator_dataset/s1009/derivatives/seg_roi/s1009_hip_msk.nii.gz
208,totalsegmentator/Totalsegmentator_dataset/s0723/derivatives/xray_from_ct/s0723_hip-ap.png,totalsegmentator/Totalsegmentator_dataset/s0723/derivatives/xray_from_ct/s0723_hip-lat.png,totalsegmentator/Totalsegmentator_dataset/s0723/derivatives/seg_roi/s0723_hip_msk.nii.gz
209,totalsegmentator/Totalsegmentator_dataset/s0098/derivatives/xray_from_ct/s0098_hip-ap.png,totalsegmentator/Totalsegmentator_dataset/s0098/derivatives/xray_from_ct/s0098_hip-lat.png,totalsegmentator/Totalsegmentator_dataset/s0098/derivatives/seg_roi/s0098_hip_msk.nii.gz
210,totalsegmentator/Totalsegmentator_dataset/s0564/derivatives/xray_from_ct/s0564_hip-ap.png,totalsegmentator/Totalsegmentator_dataset/s0564/derivatives/xray_from_ct/s0564_hip-lat.png,totalsegmentator/Totalsegmentator_dataset/s0564/derivatives/seg_roi/s0564_hip_msk.nii.gz
211,totalsegmentator/Totalsegmentator_dataset/s0257/derivatives/xray_from_ct/s0257_hip-ap.png,totalsegmentator/Totalsegmentator_dataset/s0257/derivatives/xray_from_ct/s0257_hip-lat.png,totalsegmentator/Totalsegmentator_dataset/s0257/derivatives/seg_roi/s0257_hip_msk.nii.gz
212,totalsegmentator/Totalsegmentator_dataset/s1070/derivatives/xray_from_ct/s1070_hip-ap.png,totalsegmentator/Totalsegmentator_dataset/s1070/derivatives/xray_from_ct/s1070_hip-lat.png,totalsegmentator/Totalsegmentator_dataset/s1070/derivatives/seg_roi/s1070_hip_msk.nii.gz
213,totalsegmentator/Totalsegmentator_dataset/s1135/derivatives/xray_from_ct/s1135_hip-ap.png,totalsegmentator/Totalsegmentator_dataset/s1135/derivatives/xray_from_ct/s1135_hip-lat.png,totalsegmentator/Totalsegmentator_dataset/s1135/derivatives/seg_roi/s1135_hip_msk.nii.gz
214,totalsegmentator/Totalsegmentator_dataset/s1374/derivatives/xray_from_ct/s1374_hip-ap.png,totalsegmentator/Totalsegmentator_dataset/s1374/derivatives/xray_from_ct/s1374_hip-lat.png,totalsegmentator/Totalsegmentator_dataset/s1374/derivatives/seg_roi/s1374_hip_msk.nii.gz
215,totalsegmentator/Totalsegmentator_dataset/s0933/derivatives/xray_from_ct/s0933_hip-ap.png,totalsegmentator/Totalsegmentator_dataset/s0933/derivatives/xray_from_ct/s0933_hip-lat.png,totalsegmentator/Totalsegmentator_dataset/s0933/derivatives/seg_roi/s0933_hip_msk.nii.gz
216,totalsegmentator/Totalsegmentator_dataset/s0109/derivatives/xray_from_ct/s0109_hip-ap.png,totalsegmentator/Totalsegmentator_dataset/s0109/derivatives/xray_from_ct/s0109_hip-lat.png,totalsegmentator/Totalsegmentator_dataset/s0109/derivatives/seg_roi/s0109_hip_msk.nii.gz
217,totalsegmentator/Totalsegmentator_dataset/s0724/derivatives/xray_from_ct/s0724_hip-ap.png,totalsegmentator/Totalsegmentator_dataset/s0724/derivatives/xray_from_ct/s0724_hip-lat.png,totalsegmentator/Totalsegmentator_dataset/s0724/derivatives/seg_roi/s0724_hip_msk.nii.gz
218,totalsegmentator/Totalsegmentator_dataset/s1331/derivatives/xray_from_ct/s1331_hip-ap.png,totalsegmentator/Totalsegmentator_dataset/s1331/derivatives/xray_from_ct/s1331_hip-lat.png,totalsegmentator/Totalsegmentator_dataset/s1331/derivatives/seg_roi/s1331_hip_msk.nii.gz
219,totalsegmentator/Totalsegmentator_dataset/s0543/derivatives/xray_from_ct/s0543_hip-ap.png,totalsegmentator/Totalsegmentator_dataset/s0543/derivatives/xray_from_ct/s0543_hip-lat.png,totalsegmentator/Totalsegmentator_dataset/s0543/derivatives/seg_roi/s0543_hip_msk.nii.gz
220,totalsegmentator/Totalsegmentator_dataset/s1309/derivatives/xray_from_ct/s1309_hip-ap.png,totalsegmentator/Totalsegmentator_dataset/s1309/derivatives/xray_from_ct/s1309_hip-lat.png,totalsegmentator/Totalsegmentator_dataset/s1309/derivatives/seg_roi/s1309_hip_msk.nii.gz
221,totalsegmentator/Totalsegmentator_dataset/s1045/derivatives/xray_from_ct/s1045_hip-ap.png,totalsegmentator/Totalsegmentator_dataset/s1045/derivatives/xray_from_ct/s1045_hip-lat.png,totalsegmentator/Totalsegmentator_dataset/s1045/derivatives/seg_roi/s1045_hip_msk.nii.gz
222,totalsegmentator/Totalsegmentator_dataset/s0361/derivatives/xray_from_ct/s0361_hip-ap.png,totalsegmentator/Totalsegmentator_dataset/s0361/derivatives/xray_from_ct/s0361_hip-lat.png,totalsegmentator/Totalsegmentator_dataset/s0361/derivatives/seg_roi/s0361_hip_msk.nii.gz
223,totalsegmentator/Totalsegmentator_dataset/s1383/derivatives/xray_from_ct/s1383_hip-ap.png,totalsegmentator/Totalsegmentator_dataset/s1383/derivatives/xray_from_ct/s1383_hip-lat.png,totalsegmentator/Totalsegmentator_dataset/s1383/derivatives/seg_roi/s1383_hip_msk.nii.gz
224,totalsegmentator/Totalsegmentator_dataset/s0375/derivatives/xray_from_ct/s0375_hip-ap.png,totalsegmentator/Totalsegmentator_dataset/s0375/derivatives/xray_from_ct/s0375_hip-lat.png,totalsegmentator/Totalsegmentator_dataset/s0375/derivatives/seg_roi/s0375_hip_msk.nii.gz
225,totalsegmentator/Totalsegmentator_dataset/s0915/derivatives/xray_from_ct/s0915_hip-ap.png,totalsegmentator/Totalsegmentator_dataset/s0915/derivatives/xray_from_ct/s0915_hip-lat.png,totalsegmentator/Totalsegmentator_dataset/s0915/derivatives/seg_roi/s0915_hip_msk.nii.gz
226,totalsegmentator/Totalsegmentator_dataset/s0863/derivatives/xray_from_ct/s0863_hip-ap.png,totalsegmentator/Totalsegmentator_dataset/s0863/derivatives/xray_from_ct/s0863_hip-lat.png,totalsegmentator/Totalsegmentator_dataset/s0863/derivatives/seg_roi/s0863_hip_msk.nii.gz
227,totalsegmentator/Totalsegmentator_dataset/s1125/derivatives/xray_from_ct/s1125_hip-ap.png,totalsegmentator/Totalsegmentator_dataset/s1125/derivatives/xray_from_ct/s1125_hip-lat.png,totalsegmentator/Totalsegmentator_dataset/s1125/derivatives/seg_roi/s1125_hip_msk.nii.gz
228,totalsegmentator/Totalsegmentator_dataset/s0355/derivatives/xray_from_ct/s0355_hip-ap.png,totalsegmentator/Totalsegmentator_dataset/s0355/derivatives/xray_from_ct/s0355_hip-lat.png,totalsegmentator/Totalsegmentator_dataset/s0355/derivatives/seg_roi/s0355_hip_msk.nii.gz
229,totalsegmentator/Totalsegmentator_dataset/s0369/derivatives/xray_from_ct/s0369_hip-ap.png,totalsegmentator/Totalsegmentator_dataset/s0369/derivatives/xray_from_ct/s0369_hip-lat.png,totalsegmentator/Totalsegmentator_dataset/s0369/derivatives/seg_roi/s0369_hip_msk.nii.gz
230,totalsegmentator/Totalsegmentator_dataset/s0831/derivatives/xray_from_ct/s0831_hip-ap.png,totalsegmentator/Totalsegmentator_dataset/s0831/derivatives/xray_from_ct/s0831_hip-lat.png,totalsegmentator/Totalsegmentator_dataset/s0831/derivatives/seg_roi/s0831_hip_msk.nii.gz
231,totalsegmentator/Totalsegmentator_dataset/s0494/derivatives/xray_from_ct/s0494_hip-ap.png,totalsegmentator/Totalsegmentator_dataset/s0494/derivatives/xray_from_ct/s0494_hip-lat.png,totalsegmentator/Totalsegmentator_dataset/s0494/derivatives/seg_roi/s0494_hip_msk.nii.gz
232,totalsegmentator/Totalsegmentator_dataset/s0907/derivatives/xray_from_ct/s0907_hip-ap.png,totalsegmentator/Totalsegmentator_dataset/s0907/derivatives/xray_from_ct/s0907_hip-lat.png,totalsegmentator/Totalsegmentator_dataset/s0907/derivatives/seg_roi/s0907_hip_msk.nii.gz
233,totalsegmentator/Totalsegmentator_dataset/s0961/derivatives/xray_from_ct/s0961_hip-ap.png,totalsegmentator/Totalsegmentator_dataset/s0961/derivatives/xray_from_ct/s0961_hip-lat.png,totalsegmentator/Totalsegmentator_dataset/s0961/derivatives/seg_roi/s0961_hip_msk.nii.gz
234,totalsegmentator/Totalsegmentator_dataset/s0819/derivatives/xray_from_ct/s0819_hip-ap.png,totalsegmentator/Totalsegmentator_dataset/s0819/derivatives/xray_from_ct/s0819_hip-lat.png,totalsegmentator/Totalsegmentator_dataset/s0819/derivatives/seg_roi/s0819_hip_msk.nii.gz
235,totalsegmentator/Totalsegmentator_dataset/s0293/derivatives/xray_from_ct/s0293_hip-ap.png,totalsegmentator/Totalsegmentator_dataset/s0293/derivatives/xray_from_ct/s0293_hip-lat.png,totalsegmentator/Totalsegmentator_dataset/s0293/derivatives/seg_roi/s0293_hip_msk.nii.gz
236,totalsegmentator/Totalsegmentator_dataset/s0287/derivatives/xray_from_ct/s0287_hip-ap.png,totalsegmentator/Totalsegmentator_dataset/s0287/derivatives/xray_from_ct/s0287_hip-lat.png,totalsegmentator/Totalsegmentator_dataset/s0287/derivatives/seg_roi/s0287_hip_msk.nii.gz
237,totalsegmentator/Totalsegmentator_dataset/s0065/derivatives/xray_from_ct/s0065_hip-ap.png,totalsegmentator/Totalsegmentator_dataset/s0065/derivatives/xray_from_ct/s0065_hip-lat.png,totalsegmentator/Totalsegmentator_dataset/s0065/derivatives/seg_roi/s0065_hip_msk.nii.gz
238,totalsegmentator/Totalsegmentator_dataset/s1207/derivatives/xray_from_ct/s1207_hip-ap.png,totalsegmentator/Totalsegmentator_dataset/s1207/derivatives/xray_from_ct/s1207_hip-lat.png,totalsegmentator/Totalsegmentator_dataset/s1207/derivatives/seg_roi/s1207_hip_msk.nii.gz
239,totalsegmentator/Totalsegmentator_dataset/s0859/derivatives/xray_from_ct/s0859_hip-ap.png,totalsegmentator/Totalsegmentator_dataset/s0859/derivatives/xray_from_ct/s0859_hip-lat.png,totalsegmentator/Totalsegmentator_dataset/s0859/derivatives/seg_roi/s0859_hip_msk.nii.gz
240,totalsegmentator/Totalsegmentator_dataset/s1022/derivatives/xray_from_ct/s1022_hip-ap.png,totalsegmentator/Totalsegmentator_dataset/s1022/derivatives/xray_from_ct/s1022_hip-lat.png,totalsegmentator/Totalsegmentator_dataset/s1022/derivatives/seg_roi/s1022_hip_msk.nii.gz
241,totalsegmentator/Totalsegmentator_dataset/s0797/derivatives/xray_from_ct/s0797_hip-ap.png,totalsegmentator/Totalsegmentator_dataset/s0797/derivatives/xray_from_ct/s0797_hip-lat.png,totalsegmentator/Totalsegmentator_dataset/s0797/derivatives/seg_roi/s0797_hip_msk.nii.gz
242,totalsegmentator/Totalsegmentator_dataset/s1297/derivatives/xray_from_ct/s1297_hip-ap.png,totalsegmentator/Totalsegmentator_dataset/s1297/derivatives/xray_from_ct/s1297_hip-lat.png,totalsegmentator/Totalsegmentator_dataset/s1297/derivatives/seg_roi/s1297_hip_msk.nii.gz
243,totalsegmentator/Totalsegmentator_dataset/s0648/derivatives/xray_from_ct/s0648_hip-ap.png,totalsegmentator/Totalsegmentator_dataset/s0648/derivatives/xray_from_ct/s0648_hip-lat.png,totalsegmentator/Totalsegmentator_dataset/s0648/derivatives/seg_roi/s0648_hip_msk.nii.gz
244,totalsegmentator/Totalsegmentator_dataset/s0454/derivatives/xray_from_ct/s0454_hip-ap.png,totalsegmentator/Totalsegmentator_dataset/s0454/derivatives/xray_from_ct/s0454_hip-lat.png,totalsegmentator/Totalsegmentator_dataset/s0454/derivatives/seg_roi/s0454_hip_msk.nii.gz
245,totalsegmentator/Totalsegmentator_dataset/s0329/derivatives/xray_from_ct/s0329_hip-ap.png,totalsegmentator/Totalsegmentator_dataset/s0329/derivatives/xray_from_ct/s0329_hip-lat.png,totalsegmentator/Totalsegmentator_dataset/s0329/derivatives/seg_roi/s0329_hip_msk.nii.gz
246,totalsegmentator/Totalsegmentator_dataset/s0058/derivatives/xray_from_ct/s0058_hip-ap.png,totalsegmentator/Totalsegmentator_dataset/s0058/derivatives/xray_from_ct/s0058_hip-lat.png,totalsegmentator/Totalsegmentator_dataset/s0058/derivatives/seg_roi/s0058_hip_msk.nii.gz
247,totalsegmentator/Totalsegmentator_dataset/s0835/derivatives/xray_from_ct/s0835_hip-ap.png,totalsegmentator/Totalsegmentator_dataset/s0835/derivatives/xray_from_ct/s0835_hip-lat.png,totalsegmentator/Totalsegmentator_dataset/s0835/derivatives/seg_roi/s0835_hip_msk.nii.gz
248,totalsegmentator/Totalsegmentator_dataset/s0342/derivatives/xray_from_ct/s0342_hip-ap.png,totalsegmentator/Totalsegmentator_dataset/s0342/derivatives/xray_from_ct/s0342_hip-lat.png,totalsegmentator/Totalsegmentator_dataset/s0342/derivatives/seg_roi/s0342_hip_msk.nii.gz
249,totalsegmentator/Totalsegmentator_dataset/s0650/derivatives/xray_from_ct/s0650_hip-ap.png,totalsegmentator/Totalsegmentator_dataset/s0650/derivatives/xray_from_ct/s0650_hip-lat.png,totalsegmentator/Totalsegmentator_dataset/s0650/derivatives/seg_roi/s0650_hip_msk.nii.gz
250,totalsegmentator/Totalsegmentator_dataset/s1230/derivatives/xray_from_ct/s1230_hip-ap.png,totalsegmentator/Totalsegmentator_dataset/s1230/derivatives/xray_from_ct/s1230_hip-lat.png,totalsegmentator/Totalsegmentator_dataset/s1230/derivatives/seg_roi/s1230_hip_msk.nii.gz
251,totalsegmentator/Totalsegmentator_dataset/s1006/derivatives/xray_from_ct/s1006_hip-ap.png,totalsegmentator/Totalsegmentator_dataset/s1006/derivatives/xray_from_ct/s1006_hip-lat.png,totalsegmentator/Totalsegmentator_dataset/s1006/derivatives/seg_roi/s1006_hip_msk.nii.gz
252,totalsegmentator/Totalsegmentator_dataset/s1141/derivatives/xray_from_ct/s1141_hip-ap.png,totalsegmentator/Totalsegmentator_dataset/s1141/derivatives/xray_from_ct/s1141_hip-lat.png,totalsegmentator/Totalsegmentator_dataset/s1141/derivatives/seg_roi/s1141_hip_msk.nii.gz
253,totalsegmentator/Totalsegmentator_dataset/s0320/derivatives/xray_from_ct/s0320_hip-ap.png,totalsegmentator/Totalsegmentator_dataset/s0320/derivatives/xray_from_ct/s0320_hip-lat.png,totalsegmentator/Totalsegmentator_dataset/s0320/derivatives/seg_roi/s0320_hip_msk.nii.gz
254,totalsegmentator/Totalsegmentator_dataset/s0988/derivatives/xray_from_ct/s0988_hip-ap.png,totalsegmentator/Totalsegmentator_dataset/s0988/derivatives/xray_from_ct/s0988_hip-lat.png,totalsegmentator/Totalsegmentator_dataset/s0988/derivatives/seg_roi/s0988_hip_msk.nii.gz
255,totalsegmentator/Totalsegmentator_dataset/s1224/derivatives/xray_from_ct/s1224_hip-ap.png,totalsegmentator/Totalsegmentator_dataset/s1224/derivatives/xray_from_ct/s1224_hip-lat.png,totalsegmentator/Totalsegmentator_dataset/s1224/derivatives/seg_roi/s1224_hip_msk.nii.gz
256,totalsegmentator/Totalsegmentator_dataset/s0807/derivatives/xray_from_ct/s0807_hip-ap.png,totalsegmentator/Totalsegmentator_dataset/s0807/derivatives/xray_from_ct/s0807_hip-lat.png,totalsegmentator/Totalsegmentator_dataset/s0807/derivatives/seg_roi/s0807_hip_msk.nii.gz
257,totalsegmentator/Totalsegmentator_dataset/s0151/derivatives/xray_from_ct/s0151_hip-ap.png,totalsegmentator/Totalsegmentator_dataset/s0151/derivatives/xray_from_ct/s0151_hip-lat.png,totalsegmentator/Totalsegmentator_dataset/s0151/derivatives/seg_roi/s0151_hip_msk.nii.gz
258,totalsegmentator/Totalsegmentator_dataset/s0053/derivatives/xray_from_ct/s0053_hip-ap.png,totalsegmentator/Totalsegmentator_dataset/s0053/derivatives/xray_from_ct/s0053_hip-lat.png,totalsegmentator/Totalsegmentator_dataset/s0053/derivatives/seg_roi/s0053_hip_msk.nii.gz
259,totalsegmentator/Totalsegmentator_dataset/s0947/derivatives/xray_from_ct/s0947_hip-ap.png,totalsegmentator/Totalsegmentator_dataset/s0947/derivatives/xray_from_ct/s0947_hip-lat.png,totalsegmentator/Totalsegmentator_dataset/s0947/derivatives/seg_roi/s0947_hip_msk.nii.gz
260,totalsegmentator/Totalsegmentator_dataset/s0078/derivatives/xray_from_ct/s0078_hip-ap.png,totalsegmentator/Totalsegmentator_dataset/s0078/derivatives/xray_from_ct/s0078_hip-lat.png,totalsegmentator/Totalsegmentator_dataset/s0078/derivatives/seg_roi/s0078_hip_msk.nii.gz
261,totalsegmentator/Totalsegmentator_dataset/s1301/derivatives/xray_from_ct/s1301_hip-ap.png,totalsegmentator/Totalsegmentator_dataset/s1301/derivatives/xray_from_ct/s1301_hip-lat.png,totalsegmentator/Totalsegmentator_dataset/s1301/derivatives/seg_roi/s1301_hip_msk.nii.gz
262,totalsegmentator/Totalsegmentator_dataset/s0619/derivatives/xray_from_ct/s0619_hip-ap.png,totalsegmentator/Totalsegmentator_dataset/s0619/derivatives/xray_from_ct/s0619_hip-lat.png,totalsegmentator/Totalsegmentator_dataset/s0619/derivatives/seg_roi/s0619_hip_msk.nii.gz
263,totalsegmentator/Totalsegmentator_dataset/s0104/derivatives/xray_from_ct/s0104_hip-ap.png,totalsegmentator/Totalsegmentator_dataset/s0104/derivatives/xray_from_ct/s0104_hip-lat.png,totalsegmentator/Totalsegmentator_dataset/s0104/derivatives/seg_roi/s0104_hip_msk.nii.gz
264,totalsegmentator/Totalsegmentator_dataset/s0402/derivatives/xray_from_ct/s0402_hip-ap.png,totalsegmentator/Totalsegmentator_dataset/s0402/derivatives/xray_from_ct/s0402_hip-lat.png,totalsegmentator/Totalsegmentator_dataset/s0402/derivatives/seg_roi/s0402_hip_msk.nii.gz
265,totalsegmentator/Totalsegmentator_dataset/s0189/derivatives/xray_from_ct/s0189_hip-ap.png,totalsegmentator/Totalsegmentator_dataset/s0189/derivatives/xray_from_ct/s0189_hip-lat.png,totalsegmentator/Totalsegmentator_dataset/s0189/derivatives/seg_roi/s0189_hip_msk.nii.gz
266,totalsegmentator/Totalsegmentator_dataset/s0686/derivatives/xray_from_ct/s0686_hip-ap.png,totalsegmentator/Totalsegmentator_dataset/s0686/derivatives/xray_from_ct/s0686_hip-lat.png,totalsegmentator/Totalsegmentator_dataset/s0686/derivatives/seg_roi/s0686_hip_msk.nii.gz
267,totalsegmentator/Totalsegmentator_dataset/s1307/derivatives/xray_from_ct/s1307_hip-ap.png,totalsegmentator/Totalsegmentator_dataset/s1307/derivatives/xray_from_ct/s1307_hip-lat.png,totalsegmentator/Totalsegmentator_dataset/s1307/derivatives/seg_roi/s1307_hip_msk.nii.gz
268,totalsegmentator/Totalsegmentator_dataset/s0403/derivatives/xray_from_ct/s0403_hip-ap.png,totalsegmentator/Totalsegmentator_dataset/s0403/derivatives/xray_from_ct/s0403_hip-lat.png,totalsegmentator/Totalsegmentator_dataset/s0403/derivatives/seg_roi/s0403_hip_msk.nii.gz
269,totalsegmentator/Totalsegmentator_dataset/s0873/derivatives/xray_from_ct/s0873_hip-ap.png,totalsegmentator/Totalsegmentator_dataset/s0873/derivatives/xray_from_ct/s0873_hip-lat.png,totalsegmentator/Totalsegmentator_dataset/s0873/derivatives/seg_roi/s0873_hip_msk.nii.gz
270,totalsegmentator/Totalsegmentator_dataset/s0096/derivatives/xray_from_ct/s0096_hip-ap.png,totalsegmentator/Totalsegmentator_dataset/s0096/derivatives/xray_from_ct/s0096_hip-lat.png,totalsegmentator/Totalsegmentator_dataset/s0096/derivatives/seg_roi/s0096_hip_msk.nii.gz
271,totalsegmentator/Totalsegmentator_dataset/s0255/derivatives/xray_from_ct/s0255_hip-ap.png,totalsegmentator/Totalsegmentator_dataset/s0255/derivatives/xray_from_ct/s0255_hip-lat.png,totalsegmentator/Totalsegmentator_dataset/s0255/derivatives/seg_roi/s0255_hip_msk.nii.gz
272,totalsegmentator/Totalsegmentator_dataset/s0894/derivatives/xray_from_ct/s0894_hip-ap.png,totalsegmentator/Totalsegmentator_dataset/s0894/derivatives/xray_from_ct/s0894_hip-lat.png,totalsegmentator/Totalsegmentator_dataset/s0894/derivatives/seg_roi/s0894_hip_msk.nii.gz
273,totalsegmentator/Totalsegmentator_dataset/s0656/derivatives/xray_from_ct/s0656_hip-ap.png,totalsegmentator/Totalsegmentator_dataset/s0656/derivatives/xray_from_ct/s0656_hip-lat.png,totalsegmentator/Totalsegmentator_dataset/s0656/derivatives/seg_roi/s0656_hip_msk.nii.gz
274,totalsegmentator/Totalsegmentator_dataset/s0480/derivatives/xray_from_ct/s0480_hip-ap.png,totalsegmentator/Totalsegmentator_dataset/s0480/derivatives/xray_from_ct/s0480_hip-lat.png,totalsegmentator/Totalsegmentator_dataset/s0480/derivatives/seg_roi/s0480_hip_msk.nii.gz
275,totalsegmentator/Totalsegmentator_dataset/s0042/derivatives/xray_from_ct/s0042_hip-ap.png,totalsegmentator/Totalsegmentator_dataset/s0042/derivatives/xray_from_ct/s0042_hip-lat.png,totalsegmentator/Totalsegmentator_dataset/s0042/derivatives/seg_roi/s0042_hip_msk.nii.gz
276,totalsegmentator/Totalsegmentator_dataset/s1249/derivatives/xray_from_ct/s1249_hip-ap.png,totalsegmentator/Totalsegmentator_dataset/s1249/derivatives/xray_from_ct/s1249_hip-lat.png,totalsegmentator/Totalsegmentator_dataset/s1249/derivatives/seg_roi/s1249_hip_msk.nii.gz
277,totalsegmentator/Totalsegmentator_dataset/s0620/derivatives/xray_from_ct/s0620_hip-ap.png,totalsegmentator/Totalsegmentator_dataset/s0620/derivatives/xray_from_ct/s0620_hip-lat.png,totalsegmentator/Totalsegmentator_dataset/s0620/derivatives/seg_roi/s0620_hip_msk.nii.gz
278,totalsegmentator/Totalsegmentator_dataset/s0502/derivatives/xray_from_ct/s0502_hip-ap.png,totalsegmentator/Totalsegmentator_dataset/s0502/derivatives/xray_from_ct/s0502_hip-lat.png,totalsegmentator/Totalsegmentator_dataset/s0502/derivatives/seg_roi/s0502_hip_msk.nii.gz
279,totalsegmentator/Totalsegmentator_dataset/s1223/derivatives/xray_from_ct/s1223_hip-ap.png,totalsegmentator/Totalsegmentator_dataset/s1223/derivatives/xray_from_ct/s1223_hip-lat.png,totalsegmentator/Totalsegmentator_dataset/s1223/derivatives/seg_roi/s1223_hip_msk.nii.gz
280,totalsegmentator/Totalsegmentator_dataset/s0147/derivatives/xray_from_ct/s0147_hip-ap.png,totalsegmentator/Totalsegmentator_dataset/s0147/derivatives/xray_from_ct/s0147_hip-lat.png,totalsegmentator/Totalsegmentator_dataset/s0147/derivatives/seg_roi/s0147_hip_msk.nii.gz
281,totalsegmentator/Totalsegmentator_dataset/s0944/derivatives/xray_from_ct/s0944_hip-ap.png,totalsegmentator/Totalsegmentator_dataset/s0944/derivatives/xray_from_ct/s0944_hip-lat.png,totalsegmentator/Totalsegmentator_dataset/s0944/derivatives/seg_roi/s0944_hip_msk.nii.gz
282,totalsegmentator/Totalsegmentator_dataset/s0206/derivatives/xray_from_ct/s0206_hip-ap.png,totalsegmentator/Totalsegmentator_dataset/s0206/derivatives/xray_from_ct/s0206_hip-lat.png,totalsegmentator/Totalsegmentator_dataset/s0206/derivatives/seg_roi/s0206_hip_msk.nii.gz
283,totalsegmentator/Totalsegmentator_dataset/s1394/derivatives/xray_from_ct/s1394_hip-ap.png,totalsegmentator/Totalsegmentator_dataset/s1394/derivatives/xray_from_ct/s1394_hip-lat.png,totalsegmentator/Totalsegmentator_dataset/s1394/derivatives/seg_roi/s1394_hip_msk.nii.gz
284,totalsegmentator/Totalsegmentator_dataset/s0344/derivatives/xray_from_ct/s0344_hip-ap.png,totalsegmentator/Totalsegmentator_dataset/s0344/derivatives/xray_from_ct/s0344_hip-lat.png,totalsegmentator/Totalsegmentator_dataset/s0344/derivatives/seg_roi/s0344_hip_msk.nii.gz
285,totalsegmentator/Totalsegmentator_dataset/s0683/derivatives/xray_from_ct/s0683_hip-ap.png,totalsegmentator/Totalsegmentator_dataset/s0683/derivatives/xray_from_ct/s0683_hip-lat.png,totalsegmentator/Totalsegmentator_dataset/s0683/derivatives/seg_roi/s0683_hip_msk.nii.gz
286,totalsegmentator/Totalsegmentator_dataset/s1128/derivatives/xray_from_ct/s1128_hip-ap.png,totalsegmentator/Totalsegmentator_dataset/s1128/derivatives/xray_from_ct/s1128_hip-lat.png,totalsegmentator/Totalsegmentator_dataset/s1128/derivatives/seg_roi/s1128_hip_msk.nii.gz
287,totalsegmentator/Totalsegmentator_dataset/s0034/derivatives/xray_from_ct/s0034_hip-ap.png,totalsegmentator/Totalsegmentator_dataset/s0034/derivatives/xray_from_ct/s0034_hip-lat.png,totalsegmentator/Totalsegmentator_dataset/s0034/derivatives/seg_roi/s0034_hip_msk.nii.gz
288,totalsegmentator/Totalsegmentator_dataset/s1099/derivatives/xray_from_ct/s1099_hip-ap.png,totalsegmentator/Totalsegmentator_dataset/s1099/derivatives/xray_from_ct/s1099_hip-lat.png,totalsegmentator/Totalsegmentator_dataset/s1099/derivatives/seg_roi/s1099_hip_msk.nii.gz
289,totalsegmentator/Totalsegmentator_dataset/s0548/derivatives/xray_from_ct/s0548_hip-ap.png,totalsegmentator/Totalsegmentator_dataset/s0548/derivatives/xray_from_ct/s0548_hip-lat.png,totalsegmentator/Totalsegmentator_dataset/s0548/derivatives/seg_roi/s0548_hip_msk.nii.gz
290,totalsegmentator/Totalsegmentator_dataset/s0818/derivatives/xray_from_ct/s0818_hip-ap.png,totalsegmentator/Totalsegmentator_dataset/s0818/derivatives/xray_from_ct/s0818_hip-lat.png,totalsegmentator/Totalsegmentator_dataset/s0818/derivatives/seg_roi/s0818_hip_msk.nii.gz
291,totalsegmentator/Totalsegmentator_dataset/s1143/derivatives/xray_from_ct/s1143_hip-ap.png,totalsegmentator/Totalsegmentator_dataset/s1143/derivatives/xray_from_ct/s1143_hip-lat.png,totalsegmentator/Totalsegmentator_dataset/s1143/derivatives/seg_roi/s1143_hip_msk.nii.gz
292,totalsegmentator/Totalsegmentator_dataset/s0484/derivatives/xray_from_ct/s0484_hip-ap.png,totalsegmentator/Totalsegmentator_dataset/s0484/derivatives/xray_from_ct/s0484_hip-lat.png,totalsegmentator/Totalsegmentator_dataset/s0484/derivatives/seg_roi/s0484_hip_msk.nii.gz
293,totalsegmentator/Totalsegmentator_dataset/s0077/derivatives/xray_from_ct/s0077_hip-ap.png,totalsegmentator/Totalsegmentator_dataset/s0077/derivatives/xray_from_ct/s0077_hip-lat.png,totalsegmentator/Totalsegmentator_dataset/s0077/derivatives/seg_roi/s0077_hip_msk.nii.gz
294,totalsegmentator/Totalsegmentator_dataset/s0919/derivatives/xray_from_ct/s0919_hip-ap.png,totalsegmentator/Totalsegmentator_dataset/s0919/derivatives/xray_from_ct/s0919_hip-lat.png,totalsegmentator/Totalsegmentator_dataset/s0919/derivatives/seg_roi/s0919_hip_msk.nii.gz
295,totalsegmentator/Totalsegmentator_dataset/s1276/derivatives/xray_from_ct/s1276_hip-ap.png,totalsegmentator/Totalsegmentator_dataset/s1276/derivatives/xray_from_ct/s1276_hip-lat.png,totalsegmentator/Totalsegmentator_dataset/s1276/derivatives/seg_roi/s1276_hip_msk.nii.gz
296,totalsegmentator/Totalsegmentator_dataset/s0141/derivatives/xray_from_ct/s0141_hip-ap.png,totalsegmentator/Totalsegmentator_dataset/s0141/derivatives/xray_from_ct/s0141_hip-lat.png,totalsegmentator/Totalsegmentator_dataset/s0141/derivatives/seg_roi/s0141_hip_msk.nii.gz
297,totalsegmentator/Totalsegmentator_dataset/s0860/derivatives/xray_from_ct/s0860_hip-ap.png,totalsegmentator/Totalsegmentator_dataset/s0860/derivatives/xray_from_ct/s0860_hip-lat.png,totalsegmentator/Totalsegmentator_dataset/s0860/derivatives/seg_roi/s0860_hip_msk.nii.gz
298,totalsegmentator/Totalsegmentator_dataset/s1395/derivatives/xray_from_ct/s1395_hip-ap.png,totalsegmentator/Totalsegmentator_dataset/s1395/derivatives/xray_from_ct/s1395_hip-lat.png,totalsegmentator/Totalsegmentator_dataset/s1395/derivatives/seg_roi/s1395_hip_msk.nii.gz
299,totalsegmentator/Totalsegmentator_dataset/s0551/derivatives/xray_from_ct/s0551_hip-ap.png,totalsegmentator/Totalsegmentator_dataset/s0551/derivatives/xray_from_ct/s0551_hip-lat.png,totalsegmentator/Totalsegmentator_dataset/s0551/derivatives/seg_roi/s0551_hip_msk.nii.gz
300,totalsegmentator/Totalsegmentator_dataset/s0300/derivatives/xray_from_ct/s0300_hip-ap.png,totalsegmentator/Totalsegmentator_dataset/s0300/derivatives/xray_from_ct/s0300_hip-lat.png,totalsegmentator/Totalsegmentator_dataset/s0300/derivatives/seg_roi/s0300_hip_msk.nii.gz
301,totalsegmentator/Totalsegmentator_dataset/s0476/derivatives/xray_from_ct/s0476_hip-ap.png,totalsegmentator/Totalsegmentator_dataset/s0476/derivatives/xray_from_ct/s0476_hip-lat.png,totalsegmentator/Totalsegmentator_dataset/s0476/derivatives/seg_roi/s0476_hip_msk.nii.gz
302,totalsegmentator/Totalsegmentator_dataset/s1031/derivatives/xray_from_ct/s1031_hip-ap.png,totalsegmentator/Totalsegmentator_dataset/s1031/derivatives/xray_from_ct/s1031_hip-lat.png,totalsegmentator/Totalsegmentator_dataset/s1031/derivatives/seg_roi/s1031_hip_msk.nii.gz
303,totalsegmentator/Totalsegmentator_dataset/s0204/derivatives/xray_from_ct/s0204_hip-ap.png,totalsegmentator/Totalsegmentator_dataset/s0204/derivatives/xray_from_ct/s0204_hip-lat.png,totalsegmentator/Totalsegmentator_dataset/s0204/derivatives/seg_roi/s0204_hip_msk.nii.gz
304,totalsegmentator/Totalsegmentator_dataset/s0733/derivatives/xray_from_ct/s0733_hip-ap.png,totalsegmentator/Totalsegmentator_dataset/s0733/derivatives/xray_from_ct/s0733_hip-lat.png,totalsegmentator/Totalsegmentator_dataset/s0733/derivatives/seg_roi/s0733_hip_msk.nii.gz
305,totalsegmentator/Totalsegmentator_dataset/s1037/derivatives/xray_from_ct/s1037_hip-ap.png,totalsegmentator/Totalsegmentator_dataset/s1037/derivatives/xray_from_ct/s1037_hip-lat.png,totalsegmentator/Totalsegmentator_dataset/s1037/derivatives/seg_roi/s1037_hip_msk.nii.gz
306,totalsegmentator/Totalsegmentator_dataset/s1057/derivatives/xray_from_ct/s1057_hip-ap.png,totalsegmentator/Totalsegmentator_dataset/s1057/derivatives/xray_from_ct/s1057_hip-lat.png,totalsegmentator/Totalsegmentator_dataset/s1057/derivatives/seg_roi/s1057_hip_msk.nii.gz
307,totalsegmentator/Totalsegmentator_dataset/s0074/derivatives/xray_from_ct/s0074_hip-ap.png,totalsegmentator/Totalsegmentator_dataset/s0074/derivatives/xray_from_ct/s0074_hip-lat.png,totalsegmentator/Totalsegmentator_dataset/s0074/derivatives/seg_roi/s0074_hip_msk.nii.gz
308,totalsegmentator/Totalsegmentator_dataset/s0168/derivatives/xray_from_ct/s0168_hip-ap.png,totalsegmentator/Totalsegmentator_dataset/s0168/derivatives/xray_from_ct/s0168_hip-lat.png,totalsegmentator/Totalsegmentator_dataset/s0168/derivatives/seg_roi/s0168_hip_msk.nii.gz
309,totalsegmentator/Totalsegmentator_dataset/s1183/derivatives/xray_from_ct/s1183_hip-ap.png,totalsegmentator/Totalsegmentator_dataset/s1183/derivatives/xray_from_ct/s1183_hip-lat.png,totalsegmentator/Totalsegmentator_dataset/s1183/derivatives/seg_roi/s1183_hip_msk.nii.gz
310,totalsegmentator/Totalsegmentator_dataset/s0546/derivatives/xray_from_ct/s0546_hip-ap.png,totalsegmentator/Totalsegmentator_dataset/s0546/derivatives/xray_from_ct/s0546_hip-lat.png,totalsegmentator/Totalsegmentator_dataset/s0546/derivatives/seg_roi/s0546_hip_msk.nii.gz
311,totalsegmentator/Totalsegmentator_dataset/s0446/derivatives/xray_from_ct/s0446_hip-ap.png,totalsegmentator/Totalsegmentator_dataset/s0446/derivatives/xray_from_ct/s0446_hip-lat.png,totalsegmentator/Totalsegmentator_dataset/s0446/derivatives/seg_roi/s0446_hip_msk.nii.gz
312,totalsegmentator/Totalsegmentator_dataset/s1238/derivatives/xray_from_ct/s1238_hip-ap.png,totalsegmentator/Totalsegmentator_dataset/s1238/derivatives/xray_from_ct/s1238_hip-lat.png,totalsegmentator/Totalsegmentator_dataset/s1238/derivatives/seg_roi/s1238_hip_msk.nii.gz
313,totalsegmentator/Totalsegmentator_dataset/s0749/derivatives/xray_from_ct/s0749_hip-ap.png,totalsegmentator/Totalsegmentator_dataset/s0749/derivatives/xray_from_ct/s0749_hip-lat.png,totalsegmentator/Totalsegmentator_dataset/s0749/derivatives/seg_roi/s0749_hip_msk.nii.gz
314,totalsegmentator/Totalsegmentator_dataset/s0981/derivatives/xray_from_ct/s0981_hip-ap.png,totalsegmentator/Totalsegmentator_dataset/s0981/derivatives/xray_from_ct/s0981_hip-lat.png,totalsegmentator/Totalsegmentator_dataset/s0981/derivatives/seg_roi/s0981_hip_msk.nii.gz
315,totalsegmentator/Totalsegmentator_dataset/s0878/derivatives/xray_from_ct/s0878_hip-ap.png,totalsegmentator/Totalsegmentator_dataset/s0878/derivatives/xray_from_ct/s0878_hip-lat.png,totalsegmentator/Totalsegmentator_dataset/s0878/derivatives/seg_roi/s0878_hip_msk.nii.gz
316,totalsegmentator/Totalsegmentator_dataset/s1355/derivatives/xray_from_ct/s1355_hip-ap.png,totalsegmentator/Totalsegmentator_dataset/s1355/derivatives/xray_from_ct/s1355_hip-lat.png,totalsegmentator/Totalsegmentator_dataset/s1355/derivatives/seg_roi/s1355_hip_msk.nii.gz
317,totalsegmentator/Totalsegmentator_dataset/s0108/derivatives/xray_from_ct/s0108_hip-ap.png,totalsegmentator/Totalsegmentator_dataset/s0108/derivatives/xray_from_ct/s0108_hip-lat.png,totalsegmentator/Totalsegmentator_dataset/s0108/derivatives/seg_roi/s0108_hip_msk.nii.gz
318,totalsegmentator/Totalsegmentator_dataset/s0776/derivatives/xray_from_ct/s0776_hip-ap.png,totalsegmentator/Totalsegmentator_dataset/s0776/derivatives/xray_from_ct/s0776_hip-lat.png,totalsegmentator/Totalsegmentator_dataset/s0776/derivatives/seg_roi/s0776_hip_msk.nii.gz
319,totalsegmentator/Totalsegmentator_dataset/s1358/derivatives/xray_from_ct/s1358_hip-ap.png,totalsegmentator/Totalsegmentator_dataset/s1358/derivatives/xray_from_ct/s1358_hip-lat.png,totalsegmentator/Totalsegmentator_dataset/s1358/derivatives/seg_roi/s1358_hip_msk.nii.gz
320,totalsegmentator/Totalsegmentator_dataset/s0015/derivatives/xray_from_ct/s0015_hip-ap.png,totalsegmentator/Totalsegmentator_dataset/s0015/derivatives/xray_from_ct/s0015_hip-lat.png,totalsegmentator/Totalsegmentator_dataset/s0015/derivatives/seg_roi/s0015_hip_msk.nii.gz
